date time,[Input]903.00_WA/water_level,[Output]Structure01/CrestLevel,[IP]Control Group 1/PID Rule,[DP]Control Group 1/PID Rule,[PID]Control Group 1/PID Rule_isActive
1995-01-01 00:00:00,10,,,,1
1995-01-01 00:01:00,9.99999910581,0,,,1
1995-01-01 00:02:00,10.0000001463,15,,,1
1995-01-01 00:03:00,9.99999871216,15,,,1
1995-01-01 00:04:00,9.99998922181,15,,,1
1995-01-01 00:05:00,9.99994135754,15,,,1
1995-01-01 00:06:00,9.99975448033,15,,,1
1995-01-01 00:07:00,9.99917806214,15,,,1
1995-01-01 00:08:00,9.99774940682,15,,,1
1995-01-01 00:09:00,9.99485638882,15,,,1
1995-01-01 00:10:00,9.98993183869,15,,,1
1995-01-01 00:11:00,9.98316496416,15,,,1
1995-01-01 00:12:00,9.97477670665,15,,,1
1995-01-01 00:13:00,9.97018704914,15,,,1
1995-01-01 00:14:00,9.96778586813,15,,,1
1995-01-01 00:15:00,9.96658968143,15,,,1
1995-01-01 00:16:00,9.9673277624,15,,,1
1995-01-01 00:17:00,9.96937049522,15,,,1
1995-01-01 00:18:00,9.97200981341,15,,,1
1995-01-01 00:19:00,9.97693405683,15,,,1
1995-01-01 00:20:00,9.98843880569,15,,,1
1995-01-01 00:21:00,10.0086903796,15,,,1
1995-01-01 00:22:00,10.0414158273,15,,,1
1995-01-01 00:23:00,10.089334279,15,,,1
1995-01-01 00:24:00,10.1520143694,15,,,1
1995-01-01 00:25:00,10.2219659087,15,,,1
1995-01-01 00:26:00,10.2910938911,15,,,1
1995-01-01 00:27:00,10.3559652914,15,,,1
1995-01-01 00:28:00,10.4157884149,15,,,1
1995-01-01 00:29:00,10.4707719523,15,,,1
1995-01-01 00:30:00,10.5236907108,15,,,1
1995-01-01 00:31:00,10.5684140715,15,,,1
1995-01-01 00:32:00,10.6089459708,15,,,1
1995-01-01 00:33:00,10.6429211138,15,,,1
1995-01-01 00:34:00,10.6703483105,15,,,1
1995-01-01 00:35:00,10.6919030261,15,,,1
1995-01-01 00:36:00,10.7114282683,15,,,1
1995-01-01 00:37:00,10.7293536108,15,,,1
1995-01-01 00:38:00,10.7489075845,15,,,1
1995-01-01 00:39:00,10.7687625948,15,,,1
1995-01-01 00:40:00,10.7879258027,15,,,1
1995-01-01 00:41:00,10.8055089809,15,,,1
1995-01-01 00:42:00,10.8228175668,15,,,1
1995-01-01 00:43:00,10.8409025194,15,,,1
1995-01-01 00:44:00,10.8598878059,15,,,1
1995-01-01 00:45:00,10.8805785987,15,,,1
1995-01-01 00:46:00,10.9026188871,15,,,1
1995-01-01 00:47:00,10.9252331833,15,,,1
1995-01-01 00:48:00,10.9486195691,15,,,1
1995-01-01 00:49:00,10.9728272911,15,,,1
1995-01-01 00:50:00,10.999051554,15,,,1
1995-01-01 00:51:00,11.0275426475,15,,,1
1995-01-01 00:52:00,11.0561237599,15,,,1
1995-01-01 00:53:00,11.0833135138,15,,,1
1995-01-01 00:54:00,11.1098066616,15,,,1
1995-01-01 00:55:00,11.1345928024,15,,,1
1995-01-01 00:56:00,11.1556878426,15,,,1
1995-01-01 00:57:00,11.1736655096,15,,,1
1995-01-01 00:58:00,11.1902030493,15,,,1
1995-01-01 00:59:00,11.2067797305,15,,,1
1995-01-01 01:00:00,11.2234639913,15,,,1
1995-01-01 01:01:00,11.2383452371,15,,,1
1995-01-01 01:02:00,11.2512423167,15,,,1
1995-01-01 01:03:00,11.2642282244,15,,,1
1995-01-01 01:04:00,11.2792903817,15,,,1
1995-01-01 01:05:00,11.2946689515,15,,,1
1995-01-01 01:06:00,11.3101533087,15,,,1
1995-01-01 01:07:00,11.3265530075,15,,,1
1995-01-01 01:08:00,11.3425998615,15,,,1
1995-01-01 01:09:00,11.3576229669,15,,,1
1995-01-01 01:10:00,11.3718815336,15,,,1
1995-01-01 01:11:00,11.3856321912,15,,,1
1995-01-01 01:12:00,11.398242099,15,,,1
1995-01-01 01:13:00,11.4111085748,15,,,1
1995-01-01 01:14:00,11.4235480272,15,,,1
1995-01-01 01:15:00,11.4374160649,15,,,1
1995-01-01 01:16:00,11.4521497675,15,,,1
1995-01-01 01:17:00,11.4661722531,15,,,1
1995-01-01 01:18:00,11.4787545356,15,,,1
1995-01-01 01:19:00,11.4918465988,15,,,1
1995-01-01 01:20:00,11.504877988,15,,,1
1995-01-01 01:21:00,11.5163815278,15,,,1
1995-01-01 01:22:00,11.5281386215,15,,,1
1995-01-01 01:23:00,11.5408513141,15,,,1
1995-01-01 01:24:00,11.5537858615,15,,,1
1995-01-01 01:25:00,11.5657599296,15,,,1
1995-01-01 01:26:00,11.5774516499,15,,,1
1995-01-01 01:27:00,11.5900205961,15,,,1
1995-01-01 01:28:00,11.602953469,15,,,1
1995-01-01 01:29:00,11.6156447938,15,,,1
1995-01-01 01:30:00,11.6284186534,15,,,1
1995-01-01 01:31:00,11.6409803504,15,,,1
1995-01-01 01:32:00,11.6535830708,15,,,1
1995-01-01 01:33:00,11.6658458429,15,,,1
1995-01-01 01:34:00,11.6770492861,15,,,1
1995-01-01 01:35:00,11.6877347428,15,,,1
1995-01-01 01:36:00,11.698786581,15,,,1
1995-01-01 01:37:00,11.7095674457,15,,,1
1995-01-01 01:38:00,11.7188512322,15,,,1
1995-01-01 01:39:00,11.7300180121,15,,,1
1995-01-01 01:40:00,11.7411712475,15,,,1
1995-01-01 01:41:00,11.7515618804,15,,,1
1995-01-01 01:42:00,11.7618961861,15,,,1
1995-01-01 01:43:00,11.7721014146,15,,,1
1995-01-01 01:44:00,11.7821472362,15,,,1
1995-01-01 01:45:00,11.792199432,15,,,1
1995-01-01 01:46:00,11.8021311495,15,,,1
1995-01-01 01:47:00,11.811903072,15,,,1
1995-01-01 01:48:00,11.8212449491,15,,,1
1995-01-01 01:49:00,11.8303197739,15,,,1
1995-01-01 01:50:00,11.8395631196,15,,,1
1995-01-01 01:51:00,11.8488242509,15,,,1
1995-01-01 01:52:00,11.8577516688,15,,,1
1995-01-01 01:53:00,11.8664048277,15,,,1
1995-01-01 01:54:00,11.8750292535,15,,,1
1995-01-01 01:55:00,11.8837244593,15,,,1
1995-01-01 01:56:00,11.8922796058,15,,,1
1995-01-01 01:57:00,11.9006541585,15,,,1
1995-01-01 01:58:00,11.9088259907,15,,,1
1995-01-01 01:59:00,11.9169543341,15,,,1
1995-01-01 02:00:00,11.9249868166,15,,,1
1995-01-01 02:01:00,11.9329739406,15,,,1
1995-01-01 02:02:00,11.9407074273,15,,,1
1995-01-01 02:03:00,11.9481718448,15,,,1
1995-01-01 02:04:00,11.9557624934,15,,,1
1995-01-01 02:05:00,11.9634051591,15,,,1
1995-01-01 02:06:00,11.9708417796,15,,,1
1995-01-01 02:07:00,11.9780610826,15,,,1
1995-01-01 02:08:00,11.9851665582,15,,,1
1995-01-01 02:09:00,11.9923057638,15,,,1
1995-01-01 02:10:00,11.9993585277,15,,,1
1995-01-01 02:11:00,12.0062166652,15,,,1
1995-01-01 02:12:00,12.0130050914,15,,,1
1995-01-01 02:13:00,12.0197688299,15,,,1
1995-01-01 02:14:00,12.026428106,15,,,1
1995-01-01 02:15:00,12.0329465361,15,,,1
1995-01-01 02:16:00,12.0393797625,15,,,1
1995-01-01 02:17:00,12.0457840683,15,,,1
1995-01-01 02:18:00,12.0521533418,15,,,1
1995-01-01 02:19:00,12.0584854141,15,,,1
1995-01-01 02:20:00,12.0648100665,15,,,1
1995-01-01 02:21:00,12.0711979383,15,,,1
1995-01-01 02:22:00,12.0777350239,15,,,1
1995-01-01 02:23:00,12.0843300626,15,,,1
1995-01-01 02:24:00,12.0906696945,15,,,1
1995-01-01 02:25:00,12.0965433106,15,,,1
1995-01-01 02:26:00,12.1012774883,15,,,1
1995-01-01 02:27:00,12.1022420482,15,,,1
1995-01-01 02:28:00,12.1091848111,15,,,1
1995-01-01 02:29:00,12.1164126546,15,,,1
1995-01-01 02:30:00,12.1224314918,15,,,1
1995-01-01 02:31:00,12.1276201136,15,,,1
1995-01-01 02:32:00,12.1321914333,15,,,1
1995-01-01 02:33:00,12.1371862533,15,,,1
1995-01-01 02:34:00,12.1425700202,15,,,1
1995-01-01 02:35:00,12.1480273163,15,,,1
1995-01-01 02:36:00,12.1530478156,15,,,1
1995-01-01 02:37:00,12.1578418737,15,,,1
1995-01-01 02:38:00,12.1626660057,15,,,1
1995-01-01 02:39:00,12.167586642,15,,,1
1995-01-01 02:40:00,12.1725669847,15,,,1
1995-01-01 02:41:00,12.1773241063,15,,,1
1995-01-01 02:42:00,12.181660036,15,,,1
1995-01-01 02:43:00,12.1860501617,15,,,1
1995-01-01 02:44:00,12.1905438033,15,,,1
1995-01-01 02:45:00,12.1949855808,15,,,1
1995-01-01 02:46:00,12.1993892613,15,,,1
1995-01-01 02:47:00,12.2037978843,15,,,1
1995-01-01 02:48:00,12.2081767088,15,,,1
1995-01-01 02:49:00,12.2121945427,15,,,1
1995-01-01 02:50:00,12.2162715913,15,,,1
1995-01-01 02:51:00,12.2211080571,15,,,1
1995-01-01 02:52:00,12.22577907,15,,,1
1995-01-01 02:53:00,12.2296835861,15,,,1
1995-01-01 02:54:00,12.2334942465,15,,,1
1995-01-01 02:55:00,12.2373747466,15,,,1
1995-01-01 02:56:00,12.2413166723,15,,,1
1995-01-01 02:57:00,12.2455410782,15,,,1
1995-01-01 02:58:00,12.2493172471,15,,,1
1995-01-01 02:59:00,12.2528271952,15,,,1
1995-01-01 03:00:00,12.2566180075,15,,,1
1995-01-01 03:01:00,12.2604474275,15,,,1
1995-01-01 03:02:00,12.2640225461,15,,,1
1995-01-01 03:03:00,12.267370678,15,,,1
1995-01-01 03:04:00,12.2709469445,15,,,1
1995-01-01 03:05:00,12.2745797923,15,,,1
1995-01-01 03:06:00,12.2778981984,15,,,1
1995-01-01 03:07:00,12.2811394995,15,,,1
1995-01-01 03:08:00,12.2845188676,15,,,1
1995-01-01 03:09:00,12.2879668077,15,,,1
1995-01-01 03:10:00,12.2912066502,15,,,1
1995-01-01 03:11:00,12.2942839848,15,,,1
1995-01-01 03:12:00,12.2973449866,15,,,1
1995-01-01 03:13:00,12.3004852982,15,,,1
1995-01-01 03:14:00,12.3036502768,15,,,1
1995-01-01 03:15:00,12.306676027,15,,,1
1995-01-01 03:16:00,12.3095870132,15,,,1
1995-01-01 03:17:00,12.3124867608,15,,,1
1995-01-01 03:18:00,12.3154281995,15,,,1
1995-01-01 03:19:00,12.3183426993,15,,,1
1995-01-01 03:20:00,12.3211742689,15,,,1
1995-01-01 03:21:00,12.3239757287,15,,,1
1995-01-01 03:22:00,12.3267479022,15,,,1
1995-01-01 03:23:00,12.3294881254,15,,,1
1995-01-01 03:24:00,12.3322019274,15,,,1
1995-01-01 03:25:00,12.3348817927,15,,,1
1995-01-01 03:26:00,12.3367994617,15,,,1
1995-01-01 03:27:00,12.3333876087,15,,,1
1995-01-01 03:28:00,12.3345123494,15,,,1
1995-01-01 03:29:00,12.3366153298,15,,,1
1995-01-01 03:30:00,12.3400336515,15,,,1
1995-01-01 03:31:00,12.3427186147,15,,,1
1995-01-01 03:32:00,12.3449510382,15,,,1
1995-01-01 03:33:00,12.3471353045,15,,,1
1995-01-01 03:34:00,12.3495663992,15,,,1
1995-01-01 03:35:00,12.35218376,15,,,1
1995-01-01 03:36:00,12.3543290019,15,,,1
1995-01-01 03:37:00,12.356284986,15,,,1
1995-01-01 03:38:00,12.3583866689,15,,,1
1995-01-01 03:39:00,12.3606345348,15,,,1
1995-01-01 03:40:00,12.3629798721,15,,,1
1995-01-01 03:41:00,12.3651509432,15,,,1
1995-01-01 03:42:00,12.3670812553,15,,,1
1995-01-01 03:43:00,12.368805134,15,,,1
1995-01-01 03:44:00,12.3705022462,15,,,1
1995-01-01 03:45:00,12.3723949648,15,,,1
1995-01-01 03:46:00,12.3744042913,15,,,1
1995-01-01 03:47:00,12.3762864059,15,,,1
1995-01-01 03:48:00,12.3779463765,15,,,1
1995-01-01 03:49:00,12.3794713638,15,,,1
1995-01-01 03:50:00,12.3809749392,15,,,1
1995-01-01 03:51:00,12.3825647161,15,,,1
1995-01-01 03:52:00,12.3842901553,15,,,1
1995-01-01 03:53:00,12.386061775,15,,,1
1995-01-01 03:54:00,12.3878082163,15,,,1
1995-01-01 03:55:00,12.3895226791,15,,,1
1995-01-01 03:56:00,12.3911759472,15,,,1
1995-01-01 03:57:00,12.3927887919,15,,,1
1995-01-01 03:58:00,12.3943788698,15,,,1
1995-01-01 03:59:00,12.3959343797,15,,,1
1995-01-01 04:00:00,12.3974592938,15,,,1
1995-01-01 04:01:00,12.3989709126,15,,,1
1995-01-01 04:02:00,12.4004645878,15,,,1
1995-01-01 04:03:00,12.4019128047,15,,,1
1995-01-01 04:04:00,12.4033103907,15,,,1
1995-01-01 04:05:00,12.4046617498,15,,,1
1995-01-01 04:06:00,12.4059683032,15,,,1
1995-01-01 04:07:00,12.4072577189,15,,,1
1995-01-01 04:08:00,12.4085905581,15,,,1
1995-01-01 04:09:00,12.4100095202,15,,,1
1995-01-01 04:10:00,12.4114114344,15,,,1
1995-01-01 04:11:00,12.4127482062,15,,,1
1995-01-01 04:12:00,12.4140252812,15,,,1
1995-01-01 04:13:00,12.415222023,15,,,1
1995-01-01 04:14:00,12.4164569992,15,,,1
1995-01-01 04:15:00,12.4177109349,15,,,1
1995-01-01 04:16:00,12.4189413329,15,,,1
1995-01-01 04:17:00,12.4201597649,15,,,1
1995-01-01 04:18:00,12.4213627806,15,,,1
1995-01-01 04:19:00,12.4225053189,15,,,1
1995-01-01 04:20:00,12.4236337793,15,,,1
1995-01-01 04:21:00,12.4248210632,15,,,1
1995-01-01 04:22:00,12.4259893903,15,,,1
1995-01-01 04:23:00,12.4271053595,15,,,1
1995-01-01 04:24:00,12.4282114423,15,,,1
1995-01-01 04:25:00,12.4293086535,15,,,1
1995-01-01 04:26:00,12.430375817,15,,,1
1995-01-01 04:27:00,12.4314261634,15,,,1
1995-01-01 04:28:00,12.4324733668,15,,,1
1995-01-01 04:29:00,12.4334997735,15,,,1
1995-01-01 04:30:00,12.4345057402,15,,,1
1995-01-01 04:31:00,12.4355075006,15,,,1
1995-01-01 04:32:00,12.4364997907,15,,,1
1995-01-01 04:33:00,12.4374738486,15,,,1
1995-01-01 04:34:00,12.4384343102,15,,,1
1995-01-01 04:35:00,12.4393868356,15,,,1
1995-01-01 04:36:00,12.4403277453,15,,,1
1995-01-01 04:37:00,12.4412552722,15,,,1
1995-01-01 04:38:00,12.4421725992,15,,,1
1995-01-01 04:39:00,12.443082438,15,,,1
1995-01-01 04:40:00,12.4439841465,15,,,1
1995-01-01 04:41:00,12.4448731123,15,,,1
1995-01-01 04:42:00,12.4457477976,15,,,1
1995-01-01 04:43:00,12.4466078265,15,,,1
1995-01-01 04:44:00,12.4474542831,15,,,1
1995-01-01 04:45:00,12.4482920318,15,,,1
1995-01-01 04:46:00,12.4491166368,15,,,1
1995-01-01 04:47:00,12.4499272146,15,,,1
1995-01-01 04:48:00,12.4507280126,15,,,1
1995-01-01 04:49:00,12.4515202063,15,,,1
1995-01-01 04:50:00,12.4523011752,15,,,1
1995-01-01 04:51:00,12.4530729317,15,,,1
1995-01-01 04:52:00,12.4538361088,15,,,1
1995-01-01 04:53:00,12.4545862255,15,,,1
1995-01-01 04:54:00,12.4553251313,15,,,1
1995-01-01 04:55:00,12.4560573186,15,,,1
1995-01-01 04:56:00,12.4567802528,15,,,1
1995-01-01 04:57:00,12.4574907741,15,,,1
1995-01-01 04:58:00,12.4581916963,15,,,1
1995-01-01 04:59:00,12.4588845889,15,,,1
1995-01-01 05:00:00,12.4595676717,15,,,1
1995-01-01 05:01:00,12.4602424063,15,,,1
1995-01-01 05:02:00,12.4609098186,15,,,1
1995-01-01 05:03:00,12.4615678726,15,,,1
1995-01-01 05:04:00,12.4622159185,15,,,1
1995-01-01 05:05:00,12.4628557482,15,,,1
1995-01-01 05:06:00,12.4634880913,15,,,1
1995-01-01 05:07:00,12.4641115956,15,,,1
1995-01-01 05:08:00,12.4647258119,15,,,1
1995-01-01 05:09:00,12.4653320229,15,,,1
1995-01-01 05:10:00,12.46593087,15,,,1
1995-01-01 05:11:00,12.4665212875,15,,,1
1995-01-01 05:12:00,12.4671033324,15,,,1
1995-01-01 05:13:00,12.4676783755,15,,,1
1995-01-01 05:14:00,12.468246482,15,,,1
1995-01-01 05:15:00,12.4688061495,15,,,1
1995-01-01 05:16:00,12.4693580745,15,,,1
1995-01-01 05:17:00,12.4699037167,15,,,1
1995-01-01 05:18:00,12.470442616,15,,,1
1995-01-01 05:19:00,12.4709734089,15,,,1
1995-01-01 05:20:00,12.4714969813,15,,,1
1995-01-01 05:21:00,12.4720144736,15,,,1
1995-01-01 05:22:00,12.4725251017,15,,,1
1995-01-01 05:23:00,12.4730280827,15,,,1
1995-01-01 05:24:00,12.4735245823,15,,,1
1995-01-01 05:25:00,12.4740153847,15,,,1
1995-01-01 05:26:00,12.4744991753,15,,,1
1995-01-01 05:27:00,12.4749758068,15,,,1
1995-01-01 05:28:00,12.4754466514,15,,,1
1995-01-01 05:29:00,12.4759118179,15,,,1
1995-01-01 05:30:00,12.4763706498,15,,,1
1995-01-01 05:31:00,12.4768234688,15,,,1
1995-01-01 05:32:00,12.4772699818,15,,,1
1995-01-01 05:33:00,12.477710145,15,,,1
1995-01-01 05:34:00,12.4781446655,15,,,1
1995-01-01 05:35:00,12.478573722,15,,,1
1995-01-01 05:36:00,12.4789969238,15,,,1
1995-01-01 05:37:00,12.4794143677,15,,,1
1995-01-01 05:38:00,12.4798252688,15,,,1
1995-01-01 05:39:00,12.4802464163,15,,,1
1995-01-01 05:40:00,12.4806364928,15,,,1
1995-01-01 05:41:00,12.4810241411,15,,,1
1995-01-01 05:42:00,12.4814237278,15,,,1
1995-01-01 05:43:00,12.4818105616,15,,,1
1995-01-01 05:44:00,12.4821874925,15,,,1
1995-01-01 05:45:00,12.4825636649,15,,,1
1995-01-01 05:46:00,12.4829334274,15,,,1
1995-01-01 05:47:00,12.4832994506,15,,,1
1995-01-01 05:48:00,12.4836605572,15,,,1
1995-01-01 05:49:00,12.4840167668,15,,,1
1995-01-01 05:50:00,12.4843669217,15,,,1
1995-01-01 05:51:00,12.4847124662,15,,,1
1995-01-01 05:52:00,12.4850550504,15,,,1
1995-01-01 05:53:00,12.4853925733,15,,,1
1995-01-01 05:54:00,12.4857257941,15,,,1
1995-01-01 05:55:00,12.4860541949,15,,,1
1995-01-01 05:56:00,12.4863774703,15,,,1
1995-01-01 05:57:00,12.4866969481,15,,,1
1995-01-01 05:58:00,12.4870122879,15,,,1
1995-01-01 05:59:00,12.4873239804,15,,,1
1995-01-01 06:00:00,12.4876317517,15,,,1
1995-01-01 06:01:00,12.4879348622,15,,,1
1995-01-01 06:02:00,12.4882338082,15,,,1
1995-01-01 06:03:00,12.4885290426,15,,,1
1995-01-01 06:04:00,12.4888203001,15,,,1
1995-01-01 06:05:00,12.4891073652,15,,,1
1995-01-01 06:06:00,12.4893909294,15,,,1
1995-01-01 06:07:00,12.4896707892,15,,,1
1995-01-01 06:08:00,12.4899468827,15,,,1
1995-01-01 06:09:00,12.4902193167,15,,,1
1995-01-01 06:10:00,12.4904879665,15,,,1
1995-01-01 06:11:00,12.4907531188,15,,,1
1995-01-01 06:12:00,12.4910148337,15,,,1
1995-01-01 06:13:00,12.4912729856,15,,,1
1995-01-01 06:14:00,12.4915276481,15,,,1
1995-01-01 06:15:00,12.4917790481,15,,,1
1995-01-01 06:16:00,12.4920272141,15,,,1
1995-01-01 06:17:00,12.4922720218,15,,,1
1995-01-01 06:18:00,12.4925135495,15,,,1
1995-01-01 06:19:00,12.4927519027,15,,,1
1995-01-01 06:20:00,12.4929870767,15,,,1
1995-01-01 06:21:00,12.4932191444,15,,,1
1995-01-01 06:22:00,12.4934481357,15,,,1
1995-01-01 06:23:00,12.4936740503,15,,,1
1995-01-01 06:24:00,12.4938969678,15,,,1
1995-01-01 06:25:00,12.4941169465,15,,,1
1995-01-01 06:26:00,12.4943340074,15,,,1
1995-01-01 06:27:00,12.4945481855,15,,,1
1995-01-01 06:28:00,12.4947595136,15,,,1
1995-01-01 06:29:00,12.4949680336,15,,,1
1995-01-01 06:30:00,12.4951737993,15,,,1
1995-01-01 06:31:00,12.4953768359,15,,,1
1995-01-01 06:32:00,12.4955771765,15,,,1
1995-01-01 06:33:00,12.4957748613,15,,,1
1995-01-01 06:34:00,12.4959699142,15,,,1
1995-01-01 06:35:00,12.4961623665,15,,,1
1995-01-01 06:36:00,12.4963522612,15,,,1
1995-01-01 06:37:00,12.4965396128,15,,,1
1995-01-01 06:38:00,12.4967243878,15,,,1
1995-01-01 06:39:00,12.4969065863,15,,,1
1995-01-01 06:40:00,12.497086302,15,,,1
1995-01-01 06:41:00,12.4972637199,15,,,1
1995-01-01 06:42:00,12.4974389684,15,,,1
1995-01-01 06:43:00,12.4976118597,15,,,1
1995-01-01 06:44:00,12.4977822477,15,,,1
1995-01-01 06:45:00,12.4979504433,15,,,1
1995-01-01 06:46:00,12.498116571,15,,,1
1995-01-01 06:47:00,12.498280448,15,,,1
1995-01-01 06:48:00,12.498442011,15,,,1
1995-01-01 06:49:00,12.4986013774,15,,,1
1995-01-01 06:50:00,12.4987587234,15,,,1
1995-01-01 06:51:00,12.4989140149,15,,,1
1995-01-01 06:52:00,12.4990671769,14.999996182,,,1
1995-01-01 06:53:00,12.4992182805,14.9999077358,,,1
1995-01-01 06:54:00,12.4993674219,14.9997380483,,,1
1995-01-01 06:55:00,12.4995145996,14.9994883243,,,1
1995-01-01 06:56:00,12.4996597763,14.999158127,,,1
1995-01-01 06:57:00,12.4998029609,14.9987482037,,,1
1995-01-01 06:58:00,12.4999441921,14.9982604881,,,1
1995-01-01 06:59:00,12.50008353,14.9976964905,,,1
1995-01-01 07:00:00,12.5002210135,14.997057465,,,1
1995-01-01 07:01:00,12.5003566166,14.9963440175,,,1
1995-01-01 07:02:00,12.5004903403,14.9955562942,,,1
1995-01-01 07:03:00,12.5006222177,14.9946958718,,,1
1995-01-01 07:04:00,12.5007523552,14.9937642607,,,1
1995-01-01 07:05:00,12.5008809013,14.9927632994,,,1
1995-01-01 07:06:00,12.501007754,14.9916940511,,,1
1995-01-01 07:07:00,12.5011327658,14.9905537639,,,1
1995-01-01 07:08:00,12.5012561717,14.9893433754,,,1
1995-01-01 07:09:00,12.5013780876,14.9880692851,,,1
1995-01-01 07:10:00,12.5014982767,14.9867299336,,,1
1995-01-01 07:11:00,12.5016166978,14.9853214323,,,1
1995-01-01 07:12:00,12.5017335185,14.9838482623,,,1
1995-01-01 07:13:00,12.501848797,14.9823141963,,,1
1995-01-01 07:14:00,12.5019625819,14.9807180995,,,1
1995-01-01 07:15:00,12.5020749114,14.9790605164,,,1
1995-01-01 07:16:00,12.5021857203,14.9773419974,,,1
1995-01-01 07:17:00,12.5022949829,14.9755619839,,,1
1995-01-01 07:18:00,12.5024027731,14.9737221739,,,1
1995-01-01 07:19:00,12.5025091273,14.9718248076,,,1
1995-01-01 07:20:00,12.5026140379,14.9698699822,,,1
1995-01-01 07:21:00,12.5027175412,14.9678578576,,,1
1995-01-01 07:22:00,12.5028196775,14.9657898643,,,1
1995-01-01 07:23:00,12.5029204461,14.9636667277,,,1
1995-01-01 07:24:00,12.5030198497,14.9614885929,,,1
1995-01-01 07:25:00,12.5031179096,14.9592563171,,,1
1995-01-01 07:26:00,12.5032146475,14.9569709378,,,1
1995-01-01 07:27:00,12.5033100883,14.9546331636,,,1
1995-01-01 07:28:00,12.5034042627,14.9522437286,,,1
1995-01-01 07:29:00,12.5034971883,14.9498033676,,,1
1995-01-01 07:30:00,12.5035888655,14.9473125395,,,1
1995-01-01 07:31:00,12.5036793014,14.9447717038,,,1
1995-01-01 07:32:00,12.5037685173,14.9421816901,,,1
1995-01-01 07:33:00,12.5038565308,14.9395433845,,,1
1995-01-01 07:34:00,12.503943356,14.936857371,,,1
1995-01-01 07:35:00,12.504029015,14.9341242525,,,1
1995-01-01 07:36:00,12.5041135282,14.9313447703,,,1
1995-01-01 07:37:00,12.5041969096,14.9285195047,,,1
1995-01-01 07:38:00,12.5042791715,14.9256489686,,,1
1995-01-01 07:39:00,12.5043603239,14.9227337604,,,1
1995-01-01 07:40:00,12.5044403783,14.9197744646,,,1
1995-01-01 07:41:00,12.5045193538,14.9167717208,,,1
1995-01-01 07:42:00,12.504597269,14.9137262242,,,1
1995-01-01 07:43:00,12.504674137,14.9106385301,,,1
1995-01-01 07:44:00,12.5047499724,14.9075091225,,,1
1995-01-01 07:45:00,12.5048247919,14.9043385876,,,1
1995-01-01 07:46:00,12.5048986078,14.901127503,,,1
1995-01-01 07:47:00,12.5049714304,14.8978763479,,,1
1995-01-01 07:48:00,12.505043273,14.8945856442,,,1
1995-01-01 07:49:00,12.5051141492,14.8912559768,,,1
1995-01-01 07:50:00,12.5051840713,14.8878878764,,,1
1995-01-01 07:51:00,12.5052530519,14.8844818427,,,1
1995-01-01 07:52:00,12.5053211042,14.8810383986,,,1
1995-01-01 07:53:00,12.5053882409,14.8775580543,,,1
1995-01-01 07:54:00,12.5054544747,14.8740413018,,,1
1995-01-01 07:55:00,12.5055198183,14.8704886354,,,1
1995-01-01 07:56:00,12.505584283,14.8669005331,,,1
1995-01-01 07:57:00,12.5056478796,14.8632774548,,,1
1995-01-01 07:58:00,12.5057106203,14.8596198738,,,1
1995-01-01 07:59:00,12.5057725171,14.8559282728,,,1
1995-01-01 08:00:00,12.5058335813,14.8522031114,,,1
1995-01-01 08:01:00,12.5058938235,14.8484448278,,,1
1995-01-01 08:02:00,12.5059532546,14.8446538653,,,1
1995-01-01 08:03:00,12.5060118855,14.8408306705,,,1
1995-01-01 08:04:00,12.506069727,14.836975679,,,1
1995-01-01 08:05:00,12.5061267899,14.8330893196,,,1
1995-01-01 08:06:00,12.5061830849,14.8291720173,,,1
1995-01-01 08:07:00,12.5062386223,14.825224188,,,1
1995-01-01 08:08:00,12.5062934124,14.8212462391,,,1
1995-01-01 08:09:00,12.506347465,14.8172385748,,,1
1995-01-01 08:10:00,12.5064007901,14.8132015954,,,1
1995-01-01 08:11:00,12.5064533972,14.8091356946,,,1
1995-01-01 08:12:00,12.5065052961,14.8050412621,,,1
1995-01-01 08:13:00,12.5065564961,14.8009186842,,,1
1995-01-01 08:14:00,12.5066070067,14.7967683399,,,1
1995-01-01 08:15:00,12.5066568372,14.7925906027,,,1
1995-01-01 08:16:00,12.5067059966,14.7883858422,,,1
1995-01-01 08:17:00,12.506754494,14.7841544231,,,1
1995-01-01 08:18:00,12.5068023384,14.7798967044,,,1
1995-01-01 08:19:00,12.5068495386,14.7756130398,,,1
1995-01-01 08:20:00,12.5068961031,14.7713037783,,,1
1995-01-01 08:21:00,12.5069420405,14.7669692644,,,1
1995-01-01 08:22:00,12.5069873593,14.7626098386,,,1
1995-01-01 08:23:00,12.5070320677,14.7582258372,,,1
1995-01-01 08:24:00,12.507076174,14.753817591,,,1
1995-01-01 08:25:00,12.5071196863,14.7493854261,,,1
1995-01-01 08:26:00,12.5071626126,14.7449296647,,,1
1995-01-01 08:27:00,12.5072049607,14.7404506244,,,1
1995-01-01 08:28:00,12.5072467383,14.7359486193,,,1
1995-01-01 08:29:00,12.5072879532,14.7314239587,,,1
1995-01-01 08:30:00,12.5073286129,14.7268769481,,,1
1995-01-01 08:31:00,12.507368725,14.7223078886,,,1
1995-01-01 08:32:00,12.5074082967,14.7177170771,,,1
1995-01-01 08:33:00,12.5074473353,14.7131048068,,,1
1995-01-01 08:34:00,12.507485848,14.7084713666,,,1
1995-01-01 08:35:00,12.5075238418,14.7038170418,,,1
1995-01-01 08:36:00,12.5075613239,14.6991421139,,,1
1995-01-01 08:37:00,12.5075983009,14.6944468606,,,1
1995-01-01 08:38:00,12.5076347797,14.6897315556,,,1
1995-01-01 08:39:00,12.5076707671,14.6849964693,,,1
1995-01-01 08:40:00,12.5077062694,14.680241868,,,1
1995-01-01 08:41:00,12.5077412934,14.6754680143,,,1
1995-01-01 08:42:00,12.5077758453,14.6706751684,,,1
1995-01-01 08:43:00,12.5078099316,14.6658635866,,,1
1995-01-01 08:44:00,12.5078435585,14.6610335215,,,1
1995-01-01 08:45:00,12.5078767322,14.6561852224,,,1
1995-01-01 08:46:00,12.5079094588,14.651318935,,,1
1995-01-01 08:47:00,12.5079417443,14.646434902,,,1
1995-01-01 08:48:00,12.5079735948,14.6415333627,,,1
1995-01-01 08:49:00,12.5080050161,14.6366145525,,,1
1995-01-01 08:50:00,12.508036014,14.6316787042,,,1
1995-01-01 08:51:00,12.5080665942,14.6267260474,,,1
1995-01-01 08:52:00,12.5080967623,14.6217568083,,,1
1995-01-01 08:53:00,12.5081265238,14.6167712107,,,1
1995-01-01 08:54:00,12.5081558844,14.6117694749,,,1
1995-01-01 08:55:00,12.5081848493,14.6067518183,,,1
1995-01-01 08:56:00,12.5082134238,14.6017184551,,,1
1995-01-01 08:57:00,12.5082416134,14.5966695971,,,1
1995-01-01 08:58:00,12.508269423,14.5916054534,,,1
1995-01-01 08:59:00,12.5082968579,14.5865262297,,,1
1995-01-01 09:00:00,12.508323923,14.5814321292,,,1
1995-01-01 09:01:00,12.5083506233,14.5763233526,,,1
1995-01-01 09:02:00,12.5083769636,14.5712000972,,,1
1995-01-01 09:03:00,12.5084029489,14.5660625584,,,1
1995-01-01 09:04:00,12.5084285839,14.5609109297,,,1
1995-01-01 09:05:00,12.5084538733,14.5557454015,,,1
1995-01-01 09:06:00,12.5084788219,14.5505661607,,,1
1995-01-01 09:07:00,12.5085034341,14.5453733917,,,1
1995-01-01 09:08:00,12.5085277145,14.540167277,,,1
1995-01-01 09:09:00,12.5085516677,14.5349479967,,,1
1995-01-01 09:10:00,12.508575296,14.5297157297,,,1
1995-01-01 09:11:00,12.5085985938,14.5244706247,,,1
1995-01-01 09:12:00,12.5086215738,14.5192127686,,,1
1995-01-01 09:13:00,12.5086442622,14.5139426064,,,1
1995-01-01 09:14:00,12.508666648,14.5086604362,,,1
1995-01-01 09:15:00,12.5086887352,14.5033658611,,,1
1995-01-01 09:16:00,12.5087105271,14.4980592943,,,1
1995-01-01 09:17:00,12.5087320201,14.4927408898,,,1
1995-01-01 09:18:00,12.508753232,14.4874107222,,,1
1995-01-01 09:19:00,12.5087741543,14.4820692517,,,1
1995-01-01 09:20:00,12.508794769,14.4767162428,,,1
1995-01-01 09:21:00,12.5088150927,14.4713517966,,,1
1995-01-01 09:22:00,12.5088351458,14.4659765952,,,1
1995-01-01 09:23:00,12.508854956,14.4605907852,,,1
1995-01-01 09:24:00,12.5088745046,14.455194523,,,1
1995-01-01 09:25:00,12.5088937787,14.4497872659,,,1
1995-01-01 09:26:00,12.5089128012,14.4443693273,,,1
1995-01-01 09:27:00,12.5089315759,14.4389413636,,,1
1995-01-01 09:28:00,12.5089501042,14.4335031898,,,1
1995-01-01 09:29:00,12.508968369,14.4280549053,,,1
1995-01-01 09:30:00,12.5089863645,14.4225964351,,,1
1995-01-01 09:31:00,12.5090041176,14.4171281449,,,1
1995-01-01 09:32:00,12.5090216385,14.4116506225,,,1
1995-01-01 09:33:00,12.5090389277,14.4061636853,,,1
1995-01-01 09:34:00,12.5090559744,14.4006673104,,,1
1995-01-01 09:35:00,12.509072789,14.3951614972,,,1
1995-01-01 09:36:00,12.5090893997,14.3896466968,,,1
1995-01-01 09:37:00,12.5091057973,14.3841232159,,,1
1995-01-01 09:38:00,12.5091219675,14.3785905965,,,1
1995-01-01 09:39:00,12.5091379102,14.373048944,,,1
1995-01-01 09:40:00,12.5091536322,14.3674986359,,,1
1995-01-01 09:41:00,12.5091691545,14.3619398898,,,1
1995-01-01 09:42:00,12.509184461,14.3563729807,,,1
1995-01-01 09:43:00,12.5091995481,14.3507974805,,,1
1995-01-01 09:44:00,12.5092144327,14.3452137462,,,1
1995-01-01 09:45:00,12.5092291207,14.3396221746,,,1
1995-01-01 09:46:00,12.5092436146,14.334022673,,,1
1995-01-01 09:47:00,12.5092579037,14.3284152932,,,1
1995-01-01 09:48:00,12.5092719951,14.3227999812,,,1
1995-01-01 09:49:00,12.509285916,14.3171771238,,,1
1995-01-01 09:50:00,12.5092996652,14.3115470491,,,1
1995-01-01 09:51:00,12.5093132385,14.3059093903,,,1
1995-01-01 09:52:00,12.5093266158,14.3002642241,,,1
1995-01-01 09:53:00,12.509339781,14.2946114783,,,1
1995-01-01 09:54:00,12.5093527672,14.2889514127,,,1
1995-01-01 09:55:00,12.5093655786,14.2832848259,,,1
1995-01-01 09:56:00,12.5093782232,14.2776113189,,,1
1995-01-01 09:57:00,12.5093907028,14.2719310268,,,1
1995-01-01 09:58:00,12.5094030071,14.2662439362,,,1
1995-01-01 09:59:00,12.509415157,14.2605499937,,,1
1995-01-01 10:00:00,12.5094271601,14.2548497263,,,1
1995-01-01 10:01:00,12.5094389942,14.2491429709,,,1
1995-01-01 10:02:00,12.5094506678,14.2434294221,,,1
1995-01-01 10:03:00,12.5094621881,14.2377096513,,,1
1995-01-01 10:04:00,12.5094735394,14.2319837032,,,1
1995-01-01 10:05:00,12.509484727,14.2262513567,,,1
1995-01-01 10:06:00,12.5094957677,14.2205130424,,,1
1995-01-01 10:07:00,12.5095066549,14.2147689704,,,1
1995-01-01 10:08:00,12.5095174006,14.2090188692,,,1
1995-01-01 10:09:00,12.5095280024,14.203263089,,,1
1995-01-01 10:10:00,12.5095384518,14.1975014827,,,1
1995-01-01 10:11:00,12.509548775,14.1917340723,,,1
1995-01-01 10:12:00,12.5095589758,14.185961412,,,1
1995-01-01 10:13:00,12.5095690472,14.180183183,,,1
1995-01-01 10:14:00,12.5095789812,14.1743993124,,,1
1995-01-01 10:15:00,12.5095887508,14.1686098988,,,1
1995-01-01 10:16:00,12.5095983797,14.1628148288,,,1
1995-01-01 10:17:00,12.5096078777,14.15701494,,,1
1995-01-01 10:18:00,12.5096172501,14.1512100413,,,1
1995-01-01 10:19:00,12.509626505,14.1454001074,,,1
1995-01-01 10:20:00,12.50963563,14.1395852262,,,1
1995-01-01 10:21:00,12.509644637,14.1337651831,,,1
1995-01-01 10:22:00,12.5096535429,14.1279404074,,,1
1995-01-01 10:23:00,12.509662327,14.1221109721,,,1
1995-01-01 10:24:00,12.5096709888,14.1162764094,,,1
1995-01-01 10:25:00,12.5096795385,14.1104371309,,,1
1995-01-01 10:26:00,12.5096879624,14.1045933406,,,1
1995-01-01 10:27:00,12.5096962566,14.0987447714,,,1
1995-01-01 10:28:00,12.5097044423,14.092891678,,,1
1995-01-01 10:29:00,12.5097125156,14.0870344625,,,1
1995-01-01 10:30:00,12.5097204825,14.081172785,,,1
1995-01-01 10:31:00,12.5097283472,14.0753068558,,,1
1995-01-01 10:32:00,12.509736096,14.0694366856,,,1
1995-01-01 10:33:00,12.5097437483,14.0635621008,,,1
1995-01-01 10:34:00,12.5097513162,14.057683633,,,1
1995-01-01 10:35:00,12.50975878,14.0518011665,,,1
1995-01-01 10:36:00,12.5097661382,14.0459143077,,,1
1995-01-01 10:37:00,12.5097733866,14.0400234333,,,1
1995-01-01 10:38:00,12.5097805356,14.0341285768,,,1
1995-01-01 10:39:00,12.5097876012,14.0282300017,,,1
1995-01-01 10:40:00,12.5097945662,14.0223277904,,,1
1995-01-01 10:41:00,12.5098014267,14.0164215122,,,1
1995-01-01 10:42:00,12.5098081981,14.0105114748,,,1
1995-01-01 10:43:00,12.5098148809,14.0045979829,,,1
1995-01-01 10:44:00,12.509821473,13.9986808483,,,1
1995-01-01 10:45:00,12.5098279655,13.9927600841,,,1
1995-01-01 10:46:00,12.5098343673,13.9868356736,,,1
1995-01-01 10:47:00,12.5098407035,13.980907936,,,1
1995-01-01 10:48:00,12.5098469656,13.9749770739,,,1
1995-01-01 10:49:00,12.5098531382,13.9690426121,,,1
1995-01-01 10:50:00,12.5098592176,13.9631045481,,,1
1995-01-01 10:51:00,12.5098652061,13.9571631457,,,1
1995-01-01 10:52:00,12.5098711269,13.9512185525,,,1
1995-01-01 10:53:00,12.5098769698,13.9452710662,,,1
1995-01-01 10:54:00,12.5098827202,13.9393202129,,,1
1995-01-01 10:55:00,12.5098883936,13.9333660394,,,1
1995-01-01 10:56:00,12.5098939928,13.9274090244,,,1
1995-01-01 10:57:00,12.509899519,13.9214489965,,,1
1995-01-01 10:58:00,12.5099049621,13.9154859625,,,1
1995-01-01 10:59:00,12.5099103222,13.909519828,,,1
1995-01-01 11:00:00,12.5099156258,13.9035508126,,,1
1995-01-01 11:01:00,12.5099208763,13.8975792795,,,1
1995-01-01 11:02:00,12.5099260548,13.8916048665,,,1
1995-01-01 11:03:00,12.5099311565,13.88562732,,,1
1995-01-01 11:04:00,12.5099361754,13.8796469398,,,1
1995-01-01 11:05:00,12.5099411307,13.8736637784,,,1
1995-01-01 11:06:00,12.5099460324,13.8676782195,,,1
1995-01-01 11:07:00,12.5099508569,13.861690099,,,1
1995-01-01 11:08:00,12.5099556089,13.8556990005,,,1
1995-01-01 11:09:00,12.5099603,13.8497054192,,,1
1995-01-01 11:10:00,12.5099649309,13.8437094609,,,1
1995-01-01 11:11:00,12.5099694971,13.8377109742,,,1
1995-01-01 11:12:00,12.5099739896,13.8317099324,,,1
1995-01-01 11:13:00,12.5099784238,13.8257063401,,,1
1995-01-01 11:14:00,12.5099828215,13.819700578,,,1
1995-01-01 11:15:00,12.5099871666,13.813692685,,,1
1995-01-01 11:16:00,12.509991448,13.8076821294,,,1
1995-01-01 11:17:00,12.5099956592,13.8016690733,,,1
1995-01-01 11:18:00,12.5099998056,13.7956536614,,,1
1995-01-01 11:19:00,12.510003911,13.7896361143,,,1
1995-01-01 11:20:00,12.5100079631,13.7836166622,,,1
1995-01-01 11:21:00,12.5100119462,13.7775947862,,,1
1995-01-01 11:22:00,12.5100158759,13.7715705381,,,1
1995-01-01 11:23:00,12.5100197556,13.7655444027,,,1
1995-01-01 11:24:00,12.510023585,13.759516197,,,1
1995-01-01 11:25:00,12.510027354,13.7534858909,,,1
1995-01-01 11:26:00,12.5100310633,13.7474533951,,,1
1995-01-01 11:27:00,12.5100347388,13.7414189247,,,1
1995-01-01 11:28:00,12.5100383833,13.7353828169,,,1
1995-01-01 11:29:00,12.5100419768,13.7293446916,,,1
1995-01-01 11:30:00,12.5100455139,13.7233042828,,,1
1995-01-01 11:31:00,12.5100489888,13.7172618845,,,1
1995-01-01 11:32:00,12.5100524217,13.7112175562,,,1
1995-01-01 11:33:00,12.5100558222,13.7051716709,,,1
1995-01-01 11:34:00,12.5100591658,13.6991240351,,,1
1995-01-01 11:35:00,12.5100624568,13.6930742143,,,1
1995-01-01 11:36:00,12.5100657067,13.687022699,,,1
1995-01-01 11:37:00,12.5100689159,13.68096959,,,1
1995-01-01 11:38:00,12.5100720794,13.6749147248,,,1
1995-01-01 11:39:00,12.5100751878,13.6688580616,,,1
1995-01-01 11:40:00,12.5100782566,13.6627995976,,,1
1995-01-01 11:41:00,12.5100813074,13.656739709,,,1
1995-01-01 11:42:00,12.5100843241,13.6506784213,,,1
1995-01-01 11:43:00,12.5100872949,13.6446151901,,,1
1995-01-01 11:44:00,12.5100902128,13.6385501662,,,1
1995-01-01 11:45:00,12.5100930817,13.632483486,,,1
1995-01-01 11:46:00,12.5100959253,13.6264153425,,,1
1995-01-01 11:47:00,12.5100987397,13.6203459935,,,1
1995-01-01 11:48:00,12.5101015015,13.6142750039,,,1
1995-01-01 11:49:00,12.5101042227,13.6082021798,,,1
1995-01-01 11:50:00,12.5101069104,13.6021280847,,,1
1995-01-01 11:51:00,12.5101095637,13.5960526289,,,1
1995-01-01 11:52:00,12.5101121751,13.5899757042,,,1
1995-01-01 11:53:00,12.5101147401,13.5838972549,,,1
1995-01-01 11:54:00,12.510117281,13.5778173791,,,1
1995-01-01 11:55:00,12.5101198102,13.5717364431,,,1
1995-01-01 11:56:00,12.5101223068,13.5656542472,,,1
1995-01-01 11:57:00,12.5101247624,13.5595703313,,,1
1995-01-01 11:58:00,12.5101271703,13.5534849702,,,1
1995-01-01 11:59:00,12.510129538,13.5473982402,,,1
1995-01-01 12:00:00,12.5101318774,13.5413103764,,,1
1995-01-01 12:01:00,12.5101341905,13.5352214214,,,1
1995-01-01 12:02:00,12.510136476,13.5291312162,,,1
1995-01-01 12:03:00,12.5101387334,13.5230397292,,,1
1995-01-01 12:04:00,12.5101409627,13.5169469903,,,1
1995-01-01 12:05:00,12.5101431602,13.5108530281,,,1
1995-01-01 12:06:00,12.5101453238,13.5047578116,,,1
1995-01-01 12:07:00,12.5101474563,13.4986613979,,,1
1995-01-01 12:08:00,12.5101495615,13.492563875,,,1
1995-01-01 12:09:00,12.5101516413,13.4864652622,,,1
1995-01-01 12:10:00,12.5101536945,13.4803655357,,,1
1995-01-01 12:11:00,12.5101557182,13.4742646635,,,1
1995-01-01 12:12:00,12.5101577117,13.4681626445,,,1
1995-01-01 12:13:00,12.5101596776,13.4620595417,,,1
1995-01-01 12:14:00,12.5101616177,13.4559554103,,,1
1995-01-01 12:15:00,12.5101635324,13.44985025,,,1
1995-01-01 12:16:00,12.5101654218,13.443744049,,,1
1995-01-01 12:17:00,12.5101672863,13.4376368158,,,1
1995-01-01 12:18:00,12.5101691264,13.4315285711,,,1
1995-01-01 12:19:00,12.5101709418,13.4254193293,,,1
1995-01-01 12:20:00,12.5101727315,13.4193090892,,,1
1995-01-01 12:21:00,12.5101744961,13.4131978641,,,1
1995-01-01 12:22:00,12.5101762369,13.4070856896,,,1
1995-01-01 12:23:00,12.510177955,13.4009725879,,,1
1995-01-01 12:24:00,12.5101796505,13.3948585635,,,1
1995-01-01 12:25:00,12.5101813233,13.3887436151,,,1
1995-01-01 12:26:00,12.5101829734,13.3826277504,,,1
1995-01-01 12:27:00,12.5101846012,13.3765109891,,,1
1995-01-01 12:28:00,12.5101862066,13.3703933445,,,1
1995-01-01 12:29:00,12.5101877898,13.364274826,,,1
1995-01-01 12:30:00,12.5101893514,13.3581554494,,,1
1995-01-01 12:31:00,12.5101908922,13.3520352328,,,1
1995-01-01 12:32:00,12.5101924126,13.3459141873,,,1
1995-01-01 12:33:00,12.5101939126,13.3397923173,,,1
1995-01-01 12:34:00,12.5101953925,13.333669631,,,1
1995-01-01 12:35:00,12.5101968525,13.3275461402,,,1
1995-01-01 12:36:00,12.5101982928,13.3214218566,,,1
1995-01-01 12:37:00,12.5101997136,13.3152967914,,,1
1995-01-01 12:38:00,12.5102011149,13.3091709547,,,1
1995-01-01 12:39:00,12.5102024972,13.3030443573,,,1
1995-01-01 12:40:00,12.5102038609,13.2969170118,,,1
1995-01-01 12:41:00,12.5102052062,13.29078893,,,1
1995-01-01 12:42:00,12.5102065335,13.28466012,,,1
1995-01-01 12:43:00,12.5102078429,13.2785305895,,,1
1995-01-01 12:44:00,12.5102091346,13.2724003478,,,1
1995-01-01 12:45:00,12.5102104089,13.266269406,,,1
1995-01-01 12:46:00,12.5102116662,13.2601377739,,,1
1995-01-01 12:47:00,12.5102129065,13.2540054599,,,1
1995-01-01 12:48:00,12.5102141301,13.2478724726,,,1
1995-01-01 12:49:00,12.5102153371,13.2417388214,,,1
1995-01-01 12:50:00,12.5102165279,13.2356045156,,,1
1995-01-01 12:51:00,12.5102177025,13.229469564,,,1
1995-01-01 12:52:00,12.5102188612,13.2233339754,,,1
1995-01-01 12:53:00,12.5102200043,13.2171977588,,,1
1995-01-01 12:54:00,12.510221132,13.2110609231,,,1
1995-01-01 12:55:00,12.5102222445,13.2049234762,,,1
1995-01-01 12:56:00,12.510223342,13.1987854262,,,1
1995-01-01 12:57:00,12.5102244247,13.1926467812,,,1
1995-01-01 12:58:00,12.5102254928,13.1865075493,,,1
1995-01-01 12:59:00,12.5102265465,13.180367738,,,1
1995-01-01 13:00:00,12.510227586,13.1742273551,,,1
1995-01-01 13:01:00,12.5102286115,13.1680864085,,,1
1995-01-01 13:02:00,12.5102296232,13.161944906,,,1
1995-01-01 13:03:00,12.5102306212,13.1558028549,,,1
1995-01-01 13:04:00,12.5102316057,13.1496602627,,,1
1995-01-01 13:05:00,12.510232577,13.1435171369,,,1
1995-01-01 13:06:00,12.5102335351,13.1373734845,,,1
1995-01-01 13:07:00,12.5102344804,13.1312293124,,,1
1995-01-01 13:08:00,12.5102354128,13.1250846277,,,1
1995-01-01 13:09:00,12.5102363327,13.1189394375,,,1
1995-01-01 13:10:00,12.5102372402,13.1127937487,,,1
1995-01-01 13:11:00,12.5102381354,13.1066475677,,,1
1995-01-01 13:12:00,12.5102390186,13.1005009014,,,1
1995-01-01 13:13:00,12.5102398899,13.0943537563,,,1
1995-01-01 13:14:00,12.5102407494,13.0882061389,,,1
1995-01-01 13:15:00,12.5102415973,13.0820580554,,,1
1995-01-01 13:16:00,12.5102424338,13.0759095122,,,1
1995-01-01 13:17:00,12.510243259,13.0697605155,,,1
1995-01-01 13:18:00,12.510244073,13.0636110714,,,1
1995-01-01 13:19:00,12.5102448761,13.0574611858,,,1
1995-01-01 13:20:00,12.5102456684,13.0513108648,,,1
1995-01-01 13:21:00,12.51024645,13.0451601143,,,1
1995-01-01 13:22:00,12.510247221,13.0390089399,,,1
1995-01-01 13:23:00,12.5102479817,13.0328573474,,,1
1995-01-01 13:24:00,12.510248732,13.0267053424,,,1
1995-01-01 13:25:00,12.5102494723,13.0205529307,,,1
1995-01-01 13:26:00,12.5102502026,13.0144001176,,,1
1995-01-01 13:27:00,12.510250923,13.0082469085,,,1
1995-01-01 13:28:00,12.5102516337,13.0020933088,,,1
1995-01-01 13:29:00,12.5102523348,12.9959393239,,,1
1995-01-01 13:30:00,12.5102530264,12.9897849588,,,1
1995-01-01 13:31:00,12.5102537088,12.9836302187,,,1
1995-01-01 13:32:00,12.5102543819,12.9774751087,,,1
1995-01-01 13:33:00,12.510255046,12.9713196337,,,1
1995-01-01 13:34:00,12.5102557011,12.9651637987,,,1
1995-01-01 13:35:00,12.5102563474,12.9590076084,,,1
1995-01-01 13:36:00,12.5102569849,12.9528510676,,,1
1995-01-01 13:37:00,12.5102576139,12.9466941812,,,1
1995-01-01 13:38:00,12.5102582344,12.9405369537,,,1
1995-01-01 13:39:00,12.5102588465,12.9343793897,,,1
1995-01-01 13:40:00,12.5102594504,12.9282214939,,,1
1995-01-01 13:41:00,12.5102600461,12.9220632706,,,1
1995-01-01 13:42:00,12.5102606337,12.9159047243,,,1
1995-01-01 13:43:00,12.5102612135,12.9097458594,,,1
1995-01-01 13:44:00,12.5102617854,12.9035866803,,,1
1995-01-01 13:45:00,12.5102623496,12.897427191,,,1
1995-01-01 13:46:00,12.5102629062,12.8912673958,,,1
1995-01-01 13:47:00,12.5102634553,12.8851072989,,,1
1995-01-01 13:48:00,12.510263997,12.8789469042,,,1
1995-01-01 13:49:00,12.5102645314,12.8727862159,,,1
1995-01-01 13:50:00,12.5102650587,12.8666252377,,,1
1995-01-01 13:51:00,12.5102655787,12.8604639736,,,1
1995-01-01 13:52:00,12.5102660918,12.8543024276,,,1
1995-01-01 13:53:00,12.510266598,12.8481406033,,,1
1995-01-01 13:54:00,12.5102670973,12.8419785045,,,1
1995-01-01 13:55:00,12.5102675899,12.8358161349,,,1
1995-01-01 13:56:00,12.5102680759,12.8296534983,,,1
1995-01-01 13:57:00,12.5102685553,12.8234905982,,,1
1995-01-01 13:58:00,12.5102690282,12.8173274381,,,1
1995-01-01 13:59:00,12.5102694948,12.8111640217,,,1
1995-01-01 14:00:00,12.5102699551,12.8050003523,,,1
1995-01-01 14:01:00,12.5102704091,12.7988364333,,,1
1995-01-01 14:02:00,12.5102708571,12.7926722682,,,1
1995-01-01 14:03:00,12.510271299,12.7865078602,,,1
1995-01-01 14:04:00,12.5102717349,12.7803432126,,,1
1995-01-01 14:05:00,12.510272165,12.7741783285,,,1
1995-01-01 14:06:00,12.5102725893,12.7680132113,,,1
1995-01-01 14:07:00,12.5102730079,12.761847864,,,1
1995-01-01 14:08:00,12.5102734208,12.7556822897,,,1
1995-01-01 14:09:00,12.5102738281,12.7495164915,,,1
1995-01-01 14:10:00,12.51027423,12.7433504724,,,1
1995-01-01 14:11:00,12.5102746264,12.7371842354,,,1
1995-01-01 14:12:00,12.5102750175,12.7310177835,,,1
1995-01-01 14:13:00,12.5102754034,12.7248511195,,,1
1995-01-01 14:14:00,12.510275784,12.7186842462,,,1
1995-01-01 14:15:00,12.5102761595,12.7125171667,,,1
1995-01-01 14:16:00,12.5102765299,12.7063498835,,,1
1995-01-01 14:17:00,12.5102768953,12.7001823996,,,1
1995-01-01 14:18:00,12.5102772558,12.6940147174,,,1
1995-01-01 14:19:00,12.5102776115,12.6878468399,,,1
1995-01-01 14:20:00,12.5102779623,12.6816787694,,,1
1995-01-01 14:21:00,12.5102783085,12.6755105087,,,1
1995-01-01 14:22:00,12.5102786499,12.6693420603,,,1
1995-01-01 14:23:00,12.5102789868,12.6631734268,,,1
1995-01-01 14:24:00,12.5102793191,12.6570046105,,,1
1995-01-01 14:25:00,12.510279647,12.650835614,,,1
1995-01-01 14:26:00,12.5102799704,12.6446664398,,,1
1995-01-01 14:27:00,12.5102802895,12.6384970901,,,1
1995-01-01 14:28:00,12.5102806043,12.6323275674,,,1
1995-01-01 14:29:00,12.5102809148,12.6261578741,,,1
1995-01-01 14:30:00,12.5102812211,12.6199880124,,,1
1995-01-01 14:31:00,12.5102815233,12.6138179846,,,1
1995-01-01 14:32:00,12.5102818215,12.607647793,,,1
1995-01-01 14:33:00,12.5102821156,12.6014774397,,,1
1995-01-01 14:34:00,12.5102824057,12.595306927,,,1
1995-01-01 14:35:00,12.510282692,12.5891362569,,,1
1995-01-01 14:36:00,12.5102829744,12.5829654316,,,1
1995-01-01 14:37:00,12.510283253,12.5767944532,,,1
1995-01-01 14:38:00,12.5102835278,12.5706233236,,,1
1995-01-01 14:39:00,12.5102837989,12.564452045,,,1
1995-01-01 14:40:00,12.5102840664,12.5582806194,,,1
1995-01-01 14:41:00,12.5102843303,12.5521090487,,,1
1995-01-01 14:42:00,12.5102845906,12.545937335,,,1
1995-01-01 14:43:00,12.5102848474,12.53976548,,,1
1995-01-01 14:44:00,12.5102851008,12.5335934858,,,1
1995-01-01 14:45:00,12.5102853507,12.5274213542,,,1
1995-01-01 14:46:00,12.5102855973,12.5212490871,,,1
1995-01-01 14:47:00,12.5102858405,12.5150766864,,,1
1995-01-01 14:48:00,12.5102929669,12.5089041537,,,1
1995-01-01 14:49:00,12.5103474115,12.5028145863,,,1
1995-01-01 14:50:00,12.5103224868,12.4971769998,,,1
1995-01-01 14:51:00,12.5103442766,12.4897603831,,,1
1995-01-01 14:52:00,12.5103131168,12.484245234,,,1
1995-01-01 14:53:00,12.510284012,12.4772995087,,,1
1995-01-01 14:54:00,12.510255733,12.4712797725,,,1
1995-01-01 14:55:00,12.5102182089,12.4652532112,,,1
1995-01-01 14:56:00,12.5102535776,12.4591182965,,,1
1995-01-01 14:57:00,12.5102634787,12.454039555,,,1
1995-01-01 14:58:00,12.510213986,12.4474174041,,,1
1995-01-01 14:59:00,12.5101397636,12.4404970869,,,1
1995-01-01 15:00:00,12.5100642069,12.4342979571,,,1
1995-01-01 15:01:00,12.5100384698,12.4285394206,,,1
1995-01-01 15:02:00,12.5099998023,12.423449614,,,1
1995-01-01 15:03:00,12.5099068549,12.4173888955,,,1
1995-01-01 15:04:00,12.5097990685,12.4109119072,,,1
1995-01-01 15:05:00,12.5097177066,12.4052162955,,,1
1995-01-01 15:06:00,12.509655038,12.400151528,,,1
1995-01-01 15:07:00,12.5095836488,12.3949207333,,,1
1995-01-01 15:08:00,12.5094919128,12.3893107591,,,1
1995-01-01 15:09:00,12.5093847259,12.3836434411,,,1
1995-01-01 15:10:00,12.5092800865,12.3781838379,,,1
1995-01-01 15:11:00,12.5091884892,12.3730768017,,,1
1995-01-01 15:12:00,12.509095878,12.3681474657,,,1
1995-01-01 15:13:00,12.5089860086,12.3630434857,,,1
1995-01-01 15:14:00,12.5088644576,12.3578037222,,,1
1995-01-01 15:15:00,12.5087344103,12.352776558,,,1
1995-01-01 15:16:00,12.5086057518,12.3479144957,,,1
1995-01-01 15:17:00,12.5085459457,12.3432888253,,,1
1995-01-01 15:18:00,12.5083628833,12.3395480219,,,1
1995-01-01 15:19:00,12.508139373,12.3332082698,,,1
1995-01-01 15:20:00,12.5079631219,12.328544556,,,1
1995-01-01 15:21:00,12.507836903,12.3252593402,,,1
1995-01-01 15:22:00,12.5076782974,12.3218959435,,,1
1995-01-01 15:23:00,12.5074777315,12.3173836095,,,1
1995-01-01 15:24:00,12.5072996057,12.3129998969,,,1
1995-01-01 15:25:00,12.5071684714,12.3097066381,,,1
1995-01-01 15:26:00,12.5070516276,12.3067132831,,,1
1995-01-01 15:27:00,12.5069069137,12.3031878584,,,1
1995-01-01 15:28:00,12.5067269211,12.2991580622,,,1
1995-01-01 15:29:00,12.506548134,12.2952539035,,,1
1995-01-01 15:30:00,12.5064064009,12.2920602614,,,1
1995-01-01 15:31:00,12.5062872481,12.2894009212,,,1
1995-01-01 15:32:00,12.5061442193,12.2864815209,,,1
1995-01-01 15:33:00,12.5059644828,12.282969172,,,1
1995-01-01 15:34:00,12.5057845253,12.2794976327,,,1
1995-01-01 15:35:00,12.5056367782,12.2767430638,,,1
1995-01-01 15:36:00,12.5055084209,12.2744888269,,,1
1995-01-01 15:37:00,12.5053626933,12.2720203649,,,1
1995-01-01 15:38:00,12.50518718,12.269096155,,,1
1995-01-01 15:39:00,12.5050072259,12.2661894734,,,1
1995-01-01 15:40:00,12.5048536428,12.2638309389,,,1
1995-01-01 15:41:00,12.5047225541,12.2619726031,,,1
1995-01-01 15:42:00,12.504577259,12.2600383321,,,1
1995-01-01 15:43:00,12.5043986648,12.2576363834,,,1
1995-01-01 15:44:00,12.5042145732,12.255156578,,,1
1995-01-01 15:45:00,12.5040638126,12.2532725753,,,1
1995-01-01 15:46:00,12.5039454056,12.251992847,,,1
1995-01-01 15:47:00,12.5038181917,12.2506384594,,,1
1995-01-01 15:48:00,12.5036525132,12.2487096169,,,1
1995-01-01 15:49:00,12.5034698733,12.2465397477,,,1
1995-01-01 15:50:00,12.5033168091,12.2449056926,,,1
1995-01-01 15:51:00,12.5032040777,12.2440207926,,,1
1995-01-01 15:52:00,12.5030906687,12.2432214847,,,1
1995-01-01 15:53:00,12.5029364395,12.2418094254,,,1
1995-01-01 15:54:00,12.5027559906,12.2399841433,,,1
1995-01-01 15:55:00,12.5026023892,12.2386153481,,,1
1995-01-01 15:56:00,12.5024984538,12.2381157793,,,1
1995-01-01 15:57:00,12.5024033315,12.2378602145,,,1
1995-01-01 15:58:00,12.5022626,12.2369455901,,,1
1995-01-01 15:59:00,12.5020815174,12.2353908028,,,1
1995-01-01 16:00:00,12.5019235995,12.2341937046,,,1
1995-01-01 16:01:00,12.5018298714,12.2340572952,,,1
1995-01-01 16:02:00,12.5017602846,12.2344041158,,,1
1995-01-01 16:03:00,12.5016422117,12.2340286451,,,1
1995-01-01 16:04:00,12.5014673081,12.2327075094,,,1
1995-01-01 16:05:00,12.5013077097,12.2315795593,,,1
1995-01-01 16:06:00,12.5012240859,12.2316884156,,,1
1995-01-01 16:07:00,12.5011815686,12.2325547002,,,1
1995-01-01 16:08:00,12.5010893119,12.2327009382,,,1
1995-01-01 16:09:00,12.5009201701,12.2315873885,,,1
1995-01-01 16:10:00,12.5007530779,12.2304304337,,,1
1995-01-01 16:11:00,12.5006742921,12.2306811161,,,1
1995-01-01 16:12:00,12.5006596405,12.2320634579,,,1
1995-01-01 16:13:00,12.500598206,12.2327951833,,,1
1995-01-01 16:14:00,12.5004375937,12.2319022834,,,1
1995-01-01 16:15:00,12.5002603836,12.2306292119,,,1
1995-01-01 16:16:00,12.5001824614,12.2309051922,,,1
1995-01-01 16:17:00,12.5001968758,12.2327622038,,,1
1995-01-01 16:18:00,12.500173083,12.2341253621,,,1
1995-01-01 16:19:00,12.5000265245,12.233479898,,,1
1995-01-01 16:20:00,12.4998354724,12.2320041225,,,1
1995-01-01 16:21:00,12.4997502731,12.2321254861,,,1
1995-01-01 16:22:00,12.4997917698,12.2343803347,,,1
1995-01-01 16:23:00,12.499814733,12.2364508843,,,1
1995-01-01 16:24:00,12.4996898725,12.2361613009,,,1
1995-01-01 16:25:00,12.4994826777,12.2343830905,,,1
1995-01-01 16:26:00,12.4993796277,12.2341500258,,,1
1995-01-01 16:27:00,12.4994434829,12.236670195,,,1
1995-01-01 16:28:00,12.4995167327,12.2395304383,,,1
1995-01-01 16:29:00,12.4994209727,12.2396839767,,,1
1995-01-01 16:30:00,12.4991980341,12.237597602,,,1
1995-01-01 16:31:00,12.4990686737,12.2368508928,,,1
1995-01-01 16:32:00,12.4991459642,12.2394867671,,,1
1995-01-01 16:33:00,12.4992718992,12.2431342075,,,1
1995-01-01 16:34:00,12.4992148733,12.2438780713,,,1
1995-01-01 16:35:00,12.4989799225,12.2415279011,,,1
1995-01-01 16:36:00,12.4988162613,12.2401143356,,,1
1995-01-01 16:37:00,12.4988963044,12.2426673848,,,1
1995-01-01 16:38:00,12.4990742354,12.2470711676,,,1
1995-01-01 16:39:00,12.4990653082,12.2485463669,,,1
1995-01-01 16:40:00,12.4988253652,12.2460285885,,,1
1995-01-01 16:41:00,12.4986222144,12.2438428771,,,1
1995-01-01 16:42:00,12.4986926695,12.2460953559,,,1
1995-01-01 16:43:00,12.4989175975,12.2511580323,,,1
1995-01-01 16:44:00,12.4989644641,12.2534823087,,,1
1995-01-01 16:45:00,12.4987293929,12.2509484746,,,1
1995-01-01 16:46:00,12.4984852296,12.2479521605,,,1
1995-01-01 16:47:00,12.498533419,12.2496861405,,,1
1995-01-01 16:48:00,12.4987961715,12.2552458777,,,1
1995-01-01 16:49:00,12.4989034732,12.2584932143,,,1
1995-01-01 16:50:00,12.4986847904,12.256131079,,,1
1995-01-01 16:51:00,12.498402504,12.2523618596,,,1
1995-01-01 16:52:00,12.4984174019,12.2533894434,,,1
1995-01-01 16:53:00,12.4987055367,12.2592324822,,,1
1995-01-01 16:54:00,12.4988738758,12.26341057,,,1
1995-01-01 16:55:00,12.4986833369,12.2614162929,,,1
1995-01-01 16:56:00,12.4983702779,12.256987146,,,1
1995-01-01 16:57:00,12.4983439908,12.2571752131,,,1
1995-01-01 16:58:00,12.4986426999,12.2630534999,,,1
1995-01-01 16:59:00,12.4988679051,12.2680896458,,,1
1995-01-01 17:00:00,12.4987160986,12.2666430172,,,1
1995-01-01 17:01:00,12.4983831853,12.2617370568,,,1
1995-01-01 17:02:00,12.4983116258,12.2610203512,,,1
1995-01-01 17:03:00,12.498605507,12.2666755096,,,1
1995-01-01 17:04:00,12.4988793227,12.2724273598,,,1
1995-01-01 17:05:00,12.498774087,12.2716700784,,,1
1995-01-01 17:06:00,12.4984341773,12.266509045,,,1
1995-01-01 17:07:00,12.4983176579,12.2648969453,,,1
1995-01-01 17:08:00,12.4985925634,12.2700955984,,,1
1995-01-01 17:09:00,12.4989033924,12.2763641879,,,1
1995-01-01 17:10:00,12.4988490747,12.2763775601,,,1
1995-01-01 17:11:00,12.4985158195,12.271199609,,,1
1995-01-01 17:12:00,12.4983589486,12.2687741793,,,1
1995-01-01 17:13:00,12.4986033326,12.2733260324,,,1
1995-01-01 17:14:00,12.4989374738,12.2798740772,,,1
1995-01-01 17:15:00,12.4989345289,12.2806709837,,,1
1995-01-01 17:16:00,12.4986206306,12.275703943,,,1
1995-01-01 17:17:00,12.498431256,12.2726046009,,,1
1995-01-01 17:18:00,12.4986369509,12.2763787403,,,1
1995-01-01 17:19:00,12.498980014,12.2829582824,,,1
1995-01-01 17:20:00,12.4990251949,12.2844874925,,,1
1995-01-01 17:21:00,12.4987411622,12.2799269478,,,1
1995-01-01 17:22:00,12.4985291848,12.2763314883,,,1
1995-01-01 17:23:00,12.4986919114,12.2792628077,,,1
1995-01-01 17:24:00,12.4990303097,12.285641822,,,1
1995-01-01 17:25:00,12.4991173427,12.2877979036,,,1
1995-01-01 17:26:00,12.498870687,12.2837899466,,,1
1995-01-01 17:27:00,12.4986467219,12.2798926768,,,1
1995-01-01 17:28:00,12.4987658704,12.281978681,,,1
1995-01-01 17:29:00,12.4990880544,12.2879611254,,,1
1995-01-01 17:30:00,12.4992086985,12.290603481,,,1
1995-01-01 17:31:00,12.4990036401,12.2872366882,,,1
1995-01-01 17:32:00,12.4987777327,12.2832263618,,,1
1995-01-01 17:33:00,12.4988556861,12.2845158693,,,1
1995-01-01 17:34:00,12.4991528824,12.2899549896,,,1
1995-01-01 17:35:00,12.4992970564,12.2929285239,,,1
1995-01-01 17:36:00,12.499133583,12.2902232228,,,1
1995-01-01 17:37:00,12.4989164096,12.2862695086,,,1
1995-01-01 17:38:00,12.4989589222,12.2868933575,,,1
1995-01-01 17:39:00,12.4992248098,12.291676054,,,1
1995-01-01 17:40:00,12.4993808436,12.2948005332,,,1
1995-01-01 17:41:00,12.4992568005,12.2927169965,,,1
1995-01-01 17:42:00,12.4990559481,12.2889911399,,,1
1995-01-01 17:43:00,12.4990719271,12.2890808258,,,1
1995-01-01 17:44:00,12.4993025033,12.2931876096,,,1
1995-01-01 17:45:00,12.4994618304,12.2962604233,,,1
1995-01-01 17:46:00,12.4993737147,12.2947585321,,,1
1995-01-01 17:47:00,12.4991932895,12.2913627186,,,1
1995-01-01 17:48:00,12.4991881309,12.291029955,,,1
1995-01-01 17:49:00,12.4993841108,12.2944588195,,,1
1995-01-01 17:50:00,12.4995414828,12.2973967431,,,1
1995-01-01 17:51:00,12.4994845789,12.2963988999,,,1
1995-01-01 17:52:00,12.499326484,12.2933645026,,,1
1995-01-01 17:53:00,12.4993056919,12.2927144757,,,1
1995-01-01 17:54:00,12.4994690526,12.2955026091,,,1
1995-01-01 17:55:00,12.4996192814,12.2982369471,,,1
1995-01-01 17:56:00,12.4995878072,12.2976455984,,,1
1995-01-01 17:57:00,12.4994523414,12.294990428,,,1
1995-01-01 17:58:00,12.4994212102,12.2941276936,,,1
1995-01-01 17:59:00,12.4995549357,12.2963384009,,,1
1995-01-01 18:00:00,12.4996947581,12.29881815,,,1
1995-01-01 18:01:00,12.4996832068,12.2985436201,,,1
1995-01-01 18:02:00,12.4995692668,12.296257006,,,1
1995-01-01 18:03:00,12.4995318769,12.2952647286,,,1
1995-01-01 18:04:00,12.4996396469,12.2969709963,,,1
1995-01-01 18:05:00,12.4997672643,12.2991754601,,,1
1995-01-01 18:06:00,12.4997707155,12.2991354233,,,1
1995-01-01 18:07:00,12.499676388,12.2971897509,,,1
1995-01-01 18:08:00,12.4996358578,12.2961315823,,,1
1995-01-01 18:09:00,12.4997213801,12.2974088113,,,1
1995-01-01 18:10:00,12.499835948,12.2993347695,,,1
1995-01-01 18:11:00,12.4998502519,12.2994590215,,,1
1995-01-01 18:12:00,12.4997733627,12.2978205874,,,1
1995-01-01 18:13:00,12.4997319671,12.2967442431,,,1
1995-01-01 18:14:00,12.4997986614,12.2976622044,,,1
1995-01-01 18:15:00,12.4999001653,12.2993177292,,,1
1995-01-01 18:16:00,12.4999218948,12.299551774,,,1
1995-01-01 18:17:00,12.4998600343,12.298182146,,,1
1995-01-01 18:18:00,12.4998192948,12.2971204007,,,1
1995-01-01 18:19:00,12.4998702906,12.2977437987,,,1
1995-01-01 18:20:00,12.4999592299,12.2991465622,,,1
1995-01-01 18:21:00,12.4999856755,12.2994476584,,,1
1995-01-01 18:22:00,12.4999365284,12.2983089108,,,1
1995-01-01 18:23:00,12.4998974178,12.2972837022,,,1
1995-01-01 18:24:00,12.4999354354,12.2976689697,,,1
1995-01-01 18:25:00,12.5000125768,12.2988411085,,,1
1995-01-01 18:26:00,12.5000416318,12.2991770591,,,1
1995-01-01 18:27:00,12.5000030758,12.2982344205,,,1
1995-01-01 18:28:00,12.4999661632,12.2972599479,,,1
1995-01-01 18:29:00,12.4999935344,12.2974552922,,,1
1995-01-01 18:30:00,12.5000598104,12.298421082,,,1
1995-01-01 18:31:00,12.5000898807,12.2987685065,,,1
1995-01-01 18:32:00,12.5000600181,12.2979908681,,,1
1995-01-01 18:33:00,12.5000255756,12.2970754259,,,1
1995-01-01 18:34:00,12.500044264,12.2971215182,,,1
1995-01-01 18:35:00,12.5001006778,12.2979057209,,,1
1995-01-01 18:36:00,12.5001305962,12.2982484166,,,1
1995-01-01 18:37:00,12.500107789,12.2976087948,,,1
1995-01-01 18:38:00,12.5000758978,12.2967565914,,,1
1995-01-01 18:39:00,12.5000875215,12.2966872155,,,1
1995-01-01 18:40:00,12.5001350207,12.297313458,,,1
1995-01-01 18:41:00,12.5001640148,12.2976403726,,,1
1995-01-01 18:42:00,12.5001469456,12.2971175695,,,1
1995-01-01 18:43:00,12.5001175698,12.2963299584,,,1
1995-01-01 18:44:00,12.5001233637,12.2961718081,,,1
1995-01-01 18:45:00,12.5001628903,12.2966607763,,,1
1995-01-01 18:46:00,12.5001903903,12.2969671476,,,1
1995-01-01 18:47:00,12.5001779844,12.2965424691,,,1
1995-01-01 18:48:00,12.5001510508,12.2958202056,,,1
1995-01-01 18:49:00,12.500152147,12.2955951791,,,1
1995-01-01 18:50:00,12.5001845875,12.2959666707,,,1
1995-01-01 18:51:00,12.5002102101,12.2962485607,,,1
1995-01-01 18:52:00,12.5002014983,12.2959063134,,,1
1995-01-01 18:53:00,12.5001768945,12.2952480208,,,1
1995-01-01 18:54:00,12.5001742557,12.2949754324,,,1
1995-01-01 18:55:00,12.5002004353,12.295247519,,,1
1995-01-01 18:56:00,12.5002239405,12.2955028448,,,1
1995-01-01 18:57:00,12.5002181211,12.2952298859,,,1
1995-01-01 18:58:00,12.5001957047,12.2946335486,,,1
1995-01-01 18:59:00,12.5001901248,12.2943291743,,,1
1995-01-01 19:00:00,12.5002108146,12.2945180263,,,1
1995-01-01 19:01:00,12.5002320783,12.2947466086,,,1
1995-01-01 19:02:00,12.5002284962,12.2945318702,,,1
1995-01-01 19:03:00,12.5002081249,12.2939950048,,,1
1995-01-01 19:04:00,12.5002002757,12.2936717947,,,1
1995-01-01 19:05:00,12.5002161749,12.2937917295,,,1
1995-01-01 19:06:00,12.5002351586,12.293994232,,,1
1995-01-01 19:07:00,12.500233292,12.2938286115,,,1
1995-01-01 19:08:00,12.5002148314,12.293348599,,,1
1995-01-01 19:09:00,12.5002052705,12.2930169742,,,1
1995-01-01 19:10:00,12.5002170043,12.2930803839,,,1
1995-01-01 19:11:00,12.5002337348,12.293258158,,,1
1995-01-01 19:12:00,12.5002331756,12.2931342734,,,1
1995-01-01 19:13:00,12.500216503,12.2927084439,,,1
1995-01-01 19:14:00,12.5002057012,12.292376675,,,1
1995-01-01 19:15:00,12.500213848,12.2923943094,,,1
1995-01-01 19:16:00,12.5002284007,12.2925492218,,,1
1995-01-01 19:17:00,12.5002288143,12.2924607366,,,1
1995-01-01 19:18:00,12.5002138168,12.2920861422,,,1
1995-01-01 19:19:00,12.5002021811,12.2917609908,,,1
1995-01-01 19:20:00,12.5002072585,12.2917422531,,,1
1995-01-01 19:21:00,12.5002197372,12.2918761418,,,1
1995-01-01 19:22:00,12.500220863,12.2918177382,,,1
1995-01-01 19:23:00,12.5002074363,12.291491504,,,1
1995-01-01 19:24:00,12.5001953044,12.2911782059,,,1
1995-01-01 19:25:00,12.5001977811,12.2911311313,,,1
1995-01-01 19:26:00,12.5002083153,12.2912460312,,,1
1995-01-01 19:27:00,12.5002099469,12.2912131988,,,1
1995-01-01 19:28:00,12.5001979929,12.2909323269,,,1
1995-01-01 19:29:00,12.5001856508,12.29063492,,,1
1995-01-01 19:30:00,12.5001859351,12.2905664296,,,1
1995-01-01 19:31:00,12.5001946575,12.2906641727,,,1
1995-01-01 19:32:00,12.5001966443,12.290653123,,,1
1995-01-01 19:33:00,12.5001859482,12.2904149281,,,1
1995-01-01 19:34:00,12.5001733002,12.2901347632,,,1
1995-01-01 19:35:00,12.5001715363,12.2900488425,,,1
1995-01-01 19:36:00,12.500178678,12.2901343776,,,1
1995-01-01 19:37:00,12.5001810844,12.2901470318,,,1
1995-01-01 19:38:00,12.5001717679,12.2899498344,,,1
1995-01-01 19:39:00,12.5001592996,12.2896886565,,,1
1995-01-01 19:40:00,12.500156015,12.2895904207,,,1
1995-01-01 19:41:00,12.5001617197,12.2896630124,,,1
1995-01-01 19:42:00,12.5001644,12.2896929825,,,1
1995-01-01 19:43:00,12.5001563969,12.2895332156,,,1
1995-01-01 19:44:00,12.5001442828,12.289293332,,,1
1995-01-01 19:45:00,12.5001397553,12.2891867027,,,1
1995-01-01 19:46:00,12.5001441338,12.2892474026,,,1
1995-01-01 19:47:00,12.5001469829,12.2892918419,,,1
1995-01-01 19:48:00,12.5001402073,12.2891667654,,,1
1995-01-01 19:49:00,12.5001285878,12.2889493312,,,1
1995-01-01 19:50:00,12.5001230839,12.2888379256,,,1
1995-01-01 19:51:00,12.500126259,12.2888880179,,,1
1995-01-01 19:52:00,12.5001292013,12.2889442123,,,1
1995-01-01 19:53:00,12.5001236056,12.2888510421,,,1
1995-01-01 19:54:00,12.5001126456,12.2886569608,,,1
1995-01-01 19:55:00,12.50010643,12.2885438098,,,1
1995-01-01 19:56:00,12.5001085216,12.2885838864,,,1
1995-01-01 19:57:00,12.5001114807,12.2886488593,,,1
1995-01-01 19:58:00,12.5001069924,12.2885845955,,,1
1995-01-01 19:59:00,12.5000968032,12.2884142281,,,1
1995-01-01 20:00:00,12.500090102,12.2883018879,,,1
1995-01-01 20:01:00,12.5000912265,12.2883327653,,,1
1995-01-01 20:02:00,12.5000941285,12.2884039594,,,1
1995-01-01 20:03:00,12.5000906522,12.2883654995,,,1
1995-01-01 20:04:00,12.5000813063,12.2882187091,,,1
1995-01-01 20:05:00,12.5000743175,12.288109482,,,1
1995-01-01 20:06:00,12.5000745911,12.2881321304,,,1
1995-01-01 20:07:00,12.5000773812,12.288207323,,,1
1995-01-01 20:08:00,12.5000748318,12.2881916752,,,1
1995-01-01 20:09:00,12.5000663895,12.288067981,,,1
1995-01-01 20:10:00,12.5000592948,12.2879637029,,,1
1995-01-01 20:11:00,12.5000588336,12.2879789637,,,1
1995-01-01 20:12:00,12.5000614651,12.2880560665,,,1
1995-01-01 20:13:00,12.5000597536,12.2880602076,,,1
1995-01-01 20:14:00,12.5000522531,12.2879588168,,,1
1995-01-01 20:15:00,12.5000452125,12.2878609845,,,1
1995-01-01 20:16:00,12.5000441333,12.2878696842,,,1
1995-01-01 20:17:00,12.5000465741,12.2879468786,,,1
1995-01-01 20:18:00,12.500045608,12.2879678367,,,1
1995-01-01 20:19:00,12.5000390596,12.2878875544,,,1
1995-01-01 20:20:00,12.5000322066,12.2877972745,,,1
1995-01-01 20:21:00,12.50003062,12.2878002857,,,1
1995-01-01 20:22:00,12.5000328435,12.2878760332,,,1
1995-01-01 20:23:00,12.5000325278,12.2879109347,,,1
1995-01-01 20:24:00,12.5000269229,12.287850361,,,1
1995-01-01 20:25:00,12.5000203698,12.2877684732,,,1
1995-01-01 20:26:00,12.5000183822,12.2877666609,,,1
1995-01-01 20:27:00,12.5000203711,12.287839673,,,1
1995-01-01 20:28:00,12.500020612,12.2878857696,,,1
1995-01-01 20:29:00,12.5000159261,12.2878433062,,,1
1995-01-01 20:30:00,12.5000097656,12.2877703807,,,1
1995-01-01 20:31:00,12.5000074751,12.2877645874,,,1
1995-01-01 20:32:00,12.5000092187,12.2878337639,,,1
1995-01-01 20:33:00,12.5000099272,12.2878884928,,,1
1995-01-01 20:34:00,12.5000061199,12.2878624506,,,1
1995-01-01 20:35:00,12.5000004202,12.2877987452,,,1
1995-01-01 20:36:00,12.4999979195,12.287789751,,,1
1995-01-01 20:37:00,12.4999994161,12.2878543191,,,1
1995-01-01 20:38:00,12.5000005041,12.2879153052,,,1
1995-01-01 20:39:00,12.4999975233,12.2879038397,,,1
1995-01-01 20:40:00,12.4999923362,12.2878494366,,,1
1995-01-01 20:41:00,12.4999897082,12.2878380119,,,1
1995-01-01 20:42:00,12.4999909612,12.2878973506,,,1
1995-01-01 20:43:00,12.4999923476,12.2879624448,,,1
1995-01-01 20:44:00,12.4999901318,12.2879637134,,,1
1995-01-01 20:45:00,12.4999854903,12.2879184613,,,1
1995-01-01 20:46:00,12.4999828104,12.2879053046,,,1
1995-01-01 20:47:00,12.4999838293,12.287959032,,,1
1995-01-01 20:48:00,12.4999854383,12.2880263045,,,1
1995-01-01 20:49:00,12.4999839192,12.2880384417,,,1
1995-01-01 20:50:00,12.4999798408,12.2880020303,,,1
1995-01-01 20:51:00,12.4999771748,12.2879877855,,,1
1995-01-01 20:52:00,12.499977973,12.2880356832,,,1
1995-01-01 20:53:00,12.4999797363,12.2881034442,,,1
1995-01-01 20:54:00,12.4999788413,12.2881246349,,,1
1995-01-01 20:55:00,12.4999753296,12.2880966041,,,1
1995-01-01 20:56:00,12.4999727337,12.2880818408,,,1
1995-01-01 20:57:00,12.4999733283,12.2881238488,,,1
1995-01-01 20:58:00,12.4999751848,12.2881906487,,,1
1995-01-01 20:59:00,12.4999748385,12.2882191426,,,1
1995-01-01 21:00:00,12.4999718844,12.2881989124,,,1
1995-01-01 21:01:00,12.4999694061,12.2881841334,,,1
1995-01-01 21:02:00,12.4999698164,12.2882203347,,,1
1995-01-01 21:03:00,12.4999717123,12.2882849455,,,1
1995-01-01 21:04:00,12.4999718401,12.2883190953,,,1
1995-01-01 21:05:00,12.4999694239,12.2883060109,,,1
1995-01-01 21:06:00,12.4999671007,12.2882916224,,,1
1995-01-01 21:07:00,12.4999673484,12.2883222044,,,1
1995-01-01 21:08:00,12.4999692385,12.2883836526,,,1
1995-01-01 21:09:00,12.4999697657,12.2884219217,,,1
1995-01-01 21:10:00,12.4999678592,12.2884152396,,,1
1995-01-01 21:11:00,12.4999657207,12.2884015882,,,1
1995-01-01 21:12:00,12.4999658279,12.2884268437,,,1
1995-01-01 21:13:00,12.4999676737,12.2884843458,,,1
1995-01-01 21:14:00,12.4999685293,12.2885253351,,,1
1995-01-01 21:15:00,12.4999670973,12.2885242916,,,1
1995-01-01 21:16:00,12.4999651644,12.2885116359,,,1
1995-01-01 21:17:00,12.4999651537,12.2885319191,,,1
1995-01-01 21:18:00,12.4999669244,12.2885849068,,,1
1995-01-01 21:19:00,12.4999680407,12.2886273588,,,1
1995-01-01 21:20:00,12.4999670433,12.2886311633,,,1
1995-01-01 21:21:00,12.4999653293,12.2886196984,,,1
1995-01-01 21:22:00,12.4999652225,12.2886354128,,,1
1995-01-01 21:23:00,12.4999668942,12.2886834946,,,1
1995-01-01 21:24:00,12.4999682087,12.288726311,,,1
1995-01-01 21:25:00,12.499967602,12.2887341754,,,1
1995-01-01 21:26:00,12.4999661132,12.2887240223,,,1
1995-01-01 21:27:00,12.4999659314,12.2887356064,,,1
1995-01-01 21:28:00,12.4999674863,12.288778558,,,1
1995-01-01 21:29:00,12.4999689418,12.2888207921,,,1
1995-01-01 21:30:00,12.4999686802,12.2888319474,,,1
1995-01-01 21:31:00,12.499967417,12.288823169,,,1
1995-01-01 21:32:00,12.4999671797,12.2888310761,,,1
1995-01-01 21:33:00,12.4999686052,12.288868818,,,1
1995-01-01 21:34:00,12.4999701501,12.2889096656,,,1
1995-01-01 21:35:00,12.4999701882,12.2889233851,,,1
1995-01-01 21:36:00,12.4999691453,12.2889160065,,,1
1995-01-01 21:37:00,12.4999688697,12.2889206759,,,1
1995-01-01 21:38:00,12.4999701588,12.2889532424,,,1
1995-01-01 21:39:00,12.4999717481,12.2889920712,,,1
1995-01-01 21:40:00,12.4999720396,12.2890076679,,,1
1995-01-01 21:41:00,12.4999712081,12.2890016475,,,1
1995-01-01 21:42:00,12.4999709098,12.2890035327,,,1
1995-01-01 21:43:00,12.4999720589,12.2890310653,,,1
1995-01-01 21:44:00,12.4999736535,12.2890673583,,,1
1995-01-01 21:45:00,12.4999741544,12.2890842125,,,1
1995-01-01 21:46:00,12.4999735215,12.289079488,,,1
1995-01-01 21:47:00,12.4999732138,12.2890790099,,,1
1995-01-01 21:48:00,12.4999742232,12.2891017314,,,1
1995-01-01 21:49:00,12.4999757898,12.2891351139,,,1
1995-01-01 21:50:00,12.4999764579,12.2891526577,,,1
1995-01-01 21:51:00,12.4999760087,12.2891491376,,,1
1995-01-01 21:52:00,12.4999757026,12.2891467059,,,1
1995-01-01 21:53:00,12.4999765753,12.2891648952,,,1
1995-01-01 21:54:00,12.4999780866,12.2891951049,,,1
1995-01-01 21:55:00,12.499978883,12.2892128512,,,1
1995-01-01 21:56:00,12.4999785997,12.2892104206,,,1
1995-01-01 21:57:00,12.4999783042,12.2892063999,,,1
1995-01-01 21:58:00,12.4999790459,12.2892203952,,,1
1995-01-01 21:59:00,12.4999804801,12.2892472887,,,1
1995-01-01 22:00:00,12.4999813685,12.2892648052,,,1
1995-01-01 22:01:00,12.4999812326,12.2892633321,,,1
1995-01-01 22:02:00,12.4999809547,12.2892580663,,,1
1995-01-01 22:03:00,12.4999815728,12.2892682378,,,1
1995-01-01 22:04:00,12.4999829131,12.2892917546,,,1
1995-01-01 22:05:00,12.4999838607,12.289308683,,,1
1995-01-01 22:06:00,12.4999838531,12.2893080306,,,1
1995-01-01 22:07:00,12.4999835982,12.2893018302,,,1
1995-01-01 22:08:00,12.4999841011,12.2893085679,,,1
1995-01-01 22:09:00,12.4999853351,12.2893287266,,,1
1995-01-01 22:10:00,12.499986313,12.2893447739,,,1
1995-01-01 22:11:00,12.4999864146,12.2893448063,,,1
1995-01-01 22:12:00,12.4999861863,12.2893379464,,,1
1995-01-01 22:13:00,12.4999865835,12.2893416488,,,1
1995-01-01 22:14:00,12.4999877028,12.2893585353,,,1
1995-01-01 22:15:00,12.499988686,12.2893734727,,,1
1995-01-01 22:16:00,12.4999888779,12.2893740577,,,1
1995-01-01 22:17:00,12.4999886782,12.2893667768,,,1
1995-01-01 22:18:00,12.4999889797,12.289367841,,,1
1995-01-01 22:19:00,12.4999899798,12.2893816004,,,1
1995-01-01 22:20:00,12.4999909468,12.2893952562,,,1
1995-01-01 22:21:00,12.4999912112,12.2893962675,,,1
1995-01-01 22:22:00,12.4999910409,12.2893887746,,,1
1995-01-01 22:23:00,12.4999912565,12.2893875852,,,1
1995-01-01 22:24:00,12.499992136,12.2893984013,,,1
1995-01-01 22:25:00,12.4999930692,12.2894106658,,,1
1995-01-01 22:26:00,12.499993389,12.2894119869,,,1
1995-01-01 22:27:00,12.4999932476,12.28940445,,,1
1995-01-01 22:28:00,12.4999933879,12.2894013815,,,1
1995-01-01 22:29:00,12.499994148,12.2894094828,,,1
1995-01-01 22:30:00,12.4999950328,12.2894202836,,,1
1995-01-01 22:31:00,12.4999953924,12.2894218024,,,1
1995-01-01 22:32:00,12.4999952789,12.2894143742,,,1
1995-01-01 22:33:00,12.4999953534,12.2894097777,,,1
1995-01-01 22:34:00,12.4999959975,12.2894154002,,,1
1995-01-01 22:35:00,12.4999968232,12.2894247191,,,1
1995-01-01 22:36:00,12.4999972085,12.2894263485,,,1
1995-01-01 22:37:00,12.4999971212,12.2894191426,,,1
1995-01-01 22:38:00,12.4999971398,12.2894133419,,,1
1995-01-01 22:39:00,12.4999976736,12.2894167501,,,1
1995-01-01 22:40:00,12.499998432,12.289424596,,,1
1995-01-01 22:41:00,12.4999988304,12.2894262472,,,1
1995-01-01 22:42:00,12.4999987666,12.2894193542,,,1
1995-01-01 22:43:00,12.4999987379,12.2894126472,,,1
1995-01-01 22:44:00,12.4999991675,12.2894141042,,,1
1995-01-01 22:45:00,12.4999998529,12.2894205241,,,1
1995-01-01 22:46:00,12.500000253,12.2894221327,,,1
1995-01-01 22:47:00,12.5000002099,12.2894156266,,,1
1995-01-01 22:48:00,12.500000142,12.2894082857,,,1
1995-01-01 22:49:00,12.500000475,12.2894080591,,,1
1995-01-01 22:50:00,12.5000010841,12.289413125,,,1
1995-01-01 22:51:00,12.5000014767,12.2894146385,,,1
1995-01-01 22:52:00,12.5000014514,12.289408573,,,1
1995-01-01 22:53:00,12.500001352,12.2894008398,,,1
1995-01-01 22:54:00,12.5000015969,12.2893991898,,,1
1995-01-01 22:55:00,12.5000021287,12.2894029919,,,1
1995-01-01 22:56:00,12.500002506,12.2894043691,,,1
1995-01-01 22:57:00,12.5000024958,12.2893987802,,,1
1995-01-01 22:58:00,12.5000023717,12.2893908648,,,1
1995-01-01 22:59:00,12.5000025373,12.2893880411,,,1
1995-01-01 23:00:00,12.5000029928,12.2893906848,,,1
1995-01-01 23:01:00,12.5000033489,12.2893918977,,,1
1995-01-01 23:02:00,12.5000033512,12.2893868074,,,1
1995-01-01 23:03:00,12.5000032091,12.2893788917,,,1
1995-01-01 23:04:00,12.5000033048,12.2893751279,,,1
1995-01-01 23:05:00,12.5000036862,12.2893767248,,,1
1995-01-01 23:06:00,12.5000040163,12.2893777493,,,1
1995-01-01 23:07:00,12.5000040285,12.2893731652,,,1
1995-01-01 23:08:00,12.5000038737,12.2893654,,,1
1995-01-01 23:09:00,12.5000039082,12.2893609121,,,1
1995-01-01 23:10:00,12.5000042188,12.2893615833,,,1
1995-01-01 23:11:00,12.5000045195,12.2893624117,,,1
1995-01-01 23:12:00,12.500004539,12.2893583323,,,1
1995-01-01 23:13:00,12.5000043763,12.2893508454,,,1
1995-01-01 23:14:00,12.5000043579,12.2893458319,,,1
1995-01-01 23:15:00,12.500004602,12.2893456969,,,1
1995-01-01 23:16:00,12.5000048712,12.2893463339,,,1
1995-01-01 23:17:00,12.5000048958,12.2893427518,,,1
1995-01-01 23:18:00,12.500004729,12.28933564,,,1
1995-01-01 23:19:00,12.5000046662,12.2893302805,,,1
1995-01-01 23:20:00,12.500004849,12.2893294646,,,1
1995-01-01 23:21:00,12.5000050854,12.289329917,,,1
1995-01-01 23:22:00,12.500005113,12.2893268136,,,1
1995-01-01 23:23:00,12.5000049458,12.2893201564,,,1
1995-01-01 23:24:00,12.5000048463,12.2893146098,,,1
1995-01-01 23:25:00,12.5000049733,12.2893132301,,,1
1995-01-01 23:26:00,12.5000051767,12.289313511,,,1
1995-01-01 23:27:00,12.5000052057,12.2893108658,,,1
1995-01-01 23:28:00,12.5000050411,12.2893047208,,,1
1995-01-01 23:29:00,12.5000049124,12.2892991262,,,1
1995-01-01 23:30:00,12.500004989,12.2892972926,,,1
1995-01-01 23:31:00,12.5000051599,12.2892974133,,,1
1995-01-01 23:32:00,12.5000051893,12.2892952077,,,1
1995-01-01 23:33:00,12.5000050297,12.2892896167,,,1
1995-01-01 23:34:00,12.5000048784,12.2892840867,,,1
1995-01-01 23:35:00,12.5000049106,12.2892819043,,,1
1995-01-01 23:36:00,12.5000050504,12.2892818872,,,1
1995-01-01 23:37:00,12.5000050788,12.28928009,,,1
1995-01-01 23:38:00,12.5000049262,12.2892750739,,,1
1995-01-01 23:39:00,12.5000047587,12.289269712,,,1
1995-01-01 23:40:00,12.5000047523,12.2892672773,,,1
1995-01-01 23:41:00,12.5000048624,12.2892671372,,,1
1995-01-01 23:42:00,12.5000048891,12.2892657204,,,1
1995-01-01 23:43:00,12.5000047453,12.2892612916,,,1
1995-01-01 23:44:00,12.500004567,12.2892561772,,,1
1995-01-01 23:45:00,12.5000045277,12.2892535746,,,1
1995-01-01 23:46:00,12.50000461,12.2892533324,,,1
1995-01-01 23:47:00,12.5000046344,12.2892522639,,,1
1995-01-01 23:48:00,12.5000045007,12.28924842,,,1
1995-01-01 23:49:00,12.5000043167,12.2892436195,,,1
1995-01-01 23:50:00,12.5000042501,12.2892409278,,,1
1995-01-01 23:51:00,12.5000043068,12.2892406007,,,1
1995-01-01 23:52:00,12.5000043283,12.2892398447,,,1
1995-01-01 23:53:00,12.5000042055,12.289236575,,,1
1995-01-01 23:54:00,12.5000040203,12.2892321384,,,1
1995-01-01 23:55:00,12.5000039317,12.2892294262,,,1
1995-01-01 23:56:00,12.5000039651,12.2892290319,,,1
1995-01-01 23:57:00,12.5000039834,12.2892285538,,,1
1995-01-01 23:58:00,12.5000038722,12.2892258375,,,1
1995-01-01 23:59:00,12.5000036894,12.2892218003,,,1
1995-01-02 00:00:00,12.5000036894,12.289219126,,
